timestamp,open,high,low,close,volume
2024-01-02 09:30:00,400.50,401.20,400.30,400.80,1500000
2024-01-02 09:45:00,400.80,401.50,400.70,401.20,1600000
2024-01-02 10:00:00,401.20,401.80,401.00,401.50,1450000
2024-01-02 10:15:00,401.50,402.00,401.30,401.70,1550000
2024-01-02 10:30:00,401.70,402.20,401.60,402.00,1480000
2024-01-02 10:45:00,401.95,402.03,401.78,401.86,1233975
2024-01-02 11:00:00,402.63,402.66,402.33,402.56,2115204
2024-01-02 11:15:00,403.19,403.22,402.77,402.80,1009780
2024-01-02 11:30:00,402.94,402.96,402.66,402.68,3983837
2024-01-02 11:45:00,402.79,404.23,401.35,403.24,3687953
2024-01-02 12:00:00,402.88,403.58,402.58,402.62,731651
2024-01-02 12:15:00,403.36,403.77,403.02,403.25,1088950
2024-01-02 12:30:00,403.64,405.23,402.22,403.72,595250
2024-01-02 12:45:00,404.46,405.25,403.23,404.21,3903061
2024-01-02 13:00:00,404.10,404.18,404.02,404.09,691087
2024-01-02 13:15:00,404.51,405.20,404.25,404.69,820951
2024-01-02 13:30:00,403.61,404.00,403.35,403.83,1169415
2024-01-02 13:45:00,405.00,405.03,404.83,405.00,3203522
2024-01-02 14:00:00,405.41,405.79,404.94,405.14,113002
2024-01-02 14:15:00,404.26,404.61,404.19,404.59,1329582
2024-01-02 14:30:00,406.16,406.44,405.90,405.99,5735031
2024-01-02 14:45:00,405.93,406.27,405.28,405.52,3059232
2024-01-02 15:00:00,405.39,405.39,405.12,405.12,4643257
2024-01-02 15:15:00,405.07,405.22,404.12,404.97,330085
2024-01-02 15:30:00,403.28,403.53,402.98,403.26,821380
2024-01-02 15:45:00,402.74,403.05,402.16,402.64,1281912
2024-01-03 09:30:00,402.40,402.56,401.95,402.24,736973
2024-01-03 09:45:00,403.69,403.94,403.49,403.51,755941
2024-01-03 10:00:00,405.68,406.17,405.35,405.64,1389391
2024-01-03 10:15:00,405.66,406.21,405.25,405.84,2621072
2024-01-03 10:30:00,406.55,406.56,406.39,406.41,641248
2024-01-03 10:45:00,405.76,405.77,405.65,405.65,1663058
2024-01-03 11:00:00,408.47,408.47,407.88,407.89,1431714
2024-01-03 11:15:00,407.61,408.17,405.89,407.55,1333565
2024-01-03 11:30:00,410.47,410.96,408.88,409.51,555443
2024-01-03 11:45:00,410.67,410.84,409.72,410.74,1489774
2024-01-03 12:00:00,410.64,410.81,409.81,410.21,1848210
2024-01-03 12:15:00,410.33,410.68,409.81,410.18,1226115
2024-01-03 12:30:00,408.91,409.68,408.67,409.61,757580
2024-01-03 12:45:00,408.91,409.18,408.59,409.13,341957
2024-01-03 13:00:00,410.54,412.68,408.47,410.61,1087188
2024-01-03 13:15:00,410.90,412.81,410.89,411.31,2189635
2024-01-03 13:30:00,409.39,409.43,409.08,409.29,839168
2024-01-03 13:45:00,408.88,409.33,408.40,409.08,1238813
2024-01-03 14:00:00,408.93,408.96,408.40,408.41,2717280
2024-01-03 14:15:00,408.24,409.92,407.21,408.22,3767878
2024-01-03 14:30:00,409.21,409.34,408.73,409.11,3249585
2024-01-03 14:45:00,409.48,409.60,409.48,409.60,1189161
2024-01-03 15:00:00,410.39,412.06,408.11,410.00,3428440
2024-01-03 15:15:00,411.63,412.56,410.55,411.55,4484833
2024-01-03 15:30:00,413.60,414.45,412.94,413.50,172802
2024-01-03 15:45:00,412.96,413.48,412.10,412.42,438441
2024-01-04 09:30:00,412.11,412.68,411.67,412.15,1129866
2024-01-04 09:45:00,412.48,413.73,410.33,412.00,2723174
2024-01-04 10:00:00,411.85,412.12,411.75,411.92,942353
2024-01-04 10:15:00,411.41,411.81,411.29,411.66,487021
2024-01-04 10:30:00,412.96,413.47,412.19,412.53,909794
2024-01-04 10:45:00,413.27,414.06,412.70,413.27,1294164
2024-01-04 11:00:00,413.07,414.02,413.01,413.73,374778
2024-01-04 11:15:00,412.78,413.46,412.62,412.99,772414
2024-01-04 11:30:00,411.40,411.53,411.13,411.33,651401
2024-01-04 11:45:00,410.49,410.53,410.43,410.48,433677
2024-01-04 12:00:00,410.65,411.83,410.19,410.30,782928
2024-01-04 12:15:00,408.62,409.50,407.06,408.47,2547849
2024-01-04 12:30:00,405.99,406.98,404.99,405.81,1395852
2024-01-04 12:45:00,406.22,406.30,405.76,405.79,354134
2024-01-04 13:00:00,404.51,405.02,404.39,404.55,739728
2024-01-04 13:15:00,404.32,404.86,404.10,404.42,1228788
2024-01-04 13:30:00,404.68,405.75,404.09,405.08,1039872
2024-01-04 13:45:00,405.96,407.35,405.08,406.56,713994
2024-01-04 14:00:00,407.26,407.36,407.19,407.32,1183306
2024-01-04 14:15:00,406.79,406.85,406.66,406.76,187259
2024-01-04 14:30:00,406.76,406.81,406.22,406.54,692710
2024-01-04 14:45:00,406.27,406.57,406.27,406.57,153608
2024-01-04 15:00:00,404.91,404.91,404.63,404.63,2125278
2024-01-04 15:15:00,405.17,405.31,404.79,405.24,1717015
2024-01-04 15:30:00,405.12,405.55,404.13,405.28,3542300
2024-01-04 15:45:00,405.47,406.01,405.20,405.42,2352904
2024-01-05 09:30:00,407.20,408.08,406.16,406.78,471167
2024-01-05 09:45:00,406.65,407.37,406.36,406.93,4021259
2024-01-05 10:00:00,407.90,408.90,405.99,407.30,2463212
2024-01-05 10:15:00,406.20,407.10,406.09,406.98,1274337
2024-01-05 10:30:00,408.68,410.37,408.51,408.74,1363976
2024-01-05 10:45:00,408.55,408.63,408.20,408.50,1010010
2024-01-05 11:00:00,407.85,407.93,407.11,407.92,377054
2024-01-05 11:15:00,406.21,406.47,405.75,406.17,397510
2024-01-05 11:30:00,404.69,405.25,404.31,404.78,1589698
2024-01-05 11:45:00,404.46,404.79,404.44,404.73,646956
2024-01-05 12:00:00,403.45,404.02,403.37,403.95,1426948
2024-01-05 12:15:00,405.08,405.15,405.06,405.13,1601589
2024-01-05 12:30:00,405.93,406.07,405.53,405.55,1378890
2024-01-05 12:45:00,405.74,406.61,405.22,405.65,344342
2024-01-05 13:00:00,405.36,405.46,405.14,405.20,2920331
2024-01-05 13:15:00,405.14,405.83,404.21,405.35,1968361
2024-01-05 13:30:00,405.11,405.66,404.60,405.16,2172974
2024-01-05 13:45:00,405.41,406.06,404.99,405.31,740244
2024-01-05 14:00:00,405.20,406.02,404.22,405.29,3156481
2024-01-05 14:15:00,403.44,404.75,402.42,404.03,582593
2024-01-05 14:30:00,404.57,404.95,404.41,404.58,2340646
2024-01-05 14:45:00,405.53,405.67,405.35,405.65,963675
2024-01-05 15:00:00,406.28,407.44,404.83,405.63,8179603
2024-01-05 15:15:00,405.01,405.99,403.95,405.22,1805882
2024-01-05 15:30:00,405.48,405.62,405.47,405.61,2228350
2024-01-05 15:45:00,405.24,405.71,404.52,404.84,1332999
2024-01-08 09:30:00,406.80,408.12,405.57,407.15,1633372
2024-01-08 09:45:00,407.73,407.78,407.46,407.47,1658774
2024-01-08 10:00:00,405.57,406.08,405.00,406.01,1910874
2024-01-08 10:15:00,406.98,407.39,406.27,406.66,1353688
2024-01-08 10:30:00,406.64,407.38,405.94,406.47,841801
2024-01-08 10:45:00,407.14,408.03,406.66,407.17,4658518
2024-01-08 11:00:00,406.71,407.53,405.08,406.80,1506686
2024-01-08 11:15:00,406.83,408.38,406.11,406.58,1618205
2024-01-08 11:30:00,404.26,404.80,404.13,404.61,637506
2024-01-08 11:45:00,403.84,403.97,403.80,403.93,3436681
2024-01-08 12:00:00,403.33,405.17,402.55,403.62,225529
2024-01-08 12:15:00,401.58,402.30,401.24,401.91,2571128
2024-01-08 12:30:00,401.05,401.37,400.59,401.15,1005397
2024-01-08 12:45:00,399.55,400.46,399.18,400.02,2543800
2024-01-08 13:00:00,398.53,398.54,398.35,398.47,6107142
2024-01-08 13:15:00,398.17,399.48,397.67,398.49,2374601
2024-01-08 13:30:00,399.84,399.99,399.14,399.33,532730
2024-01-08 13:45:00,397.55,397.93,397.43,397.76,762742
2024-01-08 14:00:00,398.36,398.57,397.93,398.15,100541
2024-01-08 14:15:00,399.14,399.60,398.79,399.40,2057663
2024-01-08 14:30:00,400.31,400.70,399.58,400.32,1423684
2024-01-08 14:45:00,399.00,399.98,398.46,399.17,844384
2024-01-08 15:00:00,398.97,399.23,398.06,399.16,1468856
2024-01-08 15:15:00,399.31,399.76,398.34,398.79,2273480
2024-01-08 15:30:00,397.95,399.24,396.52,398.25,2096312
2024-01-08 15:45:00,397.22,397.24,397.05,397.08,606142
2024-01-09 09:30:00,395.95,397.05,395.36,396.71,3618430
2024-01-09 09:45:00,396.87,397.57,396.83,397.33,2584312
2024-01-09 10:00:00,398.31,398.44,397.50,397.78,126468
2024-01-09 10:15:00,396.54,397.04,395.85,396.42,438293
2024-01-09 10:30:00,395.93,396.11,395.04,395.33,715981
2024-01-09 10:45:00,395.78,396.40,395.47,396.35,918332
2024-01-09 11:00:00,397.87,398.02,396.83,397.36,2230404
2024-01-09 11:15:00,398.27,398.39,398.27,398.37,1444027
2024-01-09 11:30:00,397.91,397.94,397.81,397.84,414501
2024-01-09 11:45:00,395.06,395.40,394.98,395.28,2186130
2024-01-09 12:00:00,396.06,396.20,396.03,396.11,483565
2024-01-09 12:15:00,397.90,398.06,397.63,397.69,537632
2024-01-09 12:30:00,398.98,398.98,398.39,398.39,786447
2024-01-09 12:45:00,398.25,398.72,397.69,398.31,2721270
2024-01-09 13:00:00,398.50,399.38,397.92,398.51,440146
2024-01-09 13:15:00,398.79,399.03,398.60,398.82,1409837
2024-01-09 13:30:00,396.79,397.87,396.71,396.92,363536
2024-01-09 13:45:00,397.79,398.06,396.86,397.69,1588353
2024-01-09 14:00:00,396.71,397.01,396.47,396.81,2120755
2024-01-09 14:15:00,396.54,396.97,396.24,396.74,1216735
2024-01-09 14:30:00,396.62,397.25,396.52,397.01,407013
2024-01-09 14:45:00,397.18,397.89,397.05,397.53,1044720
2024-01-09 15:00:00,396.92,398.35,395.01,396.92,1872218
2024-01-09 15:15:00,396.28,396.42,395.95,396.37,1081898
2024-01-09 15:30:00,395.37,396.52,394.60,395.85,3530265
2024-01-09 15:45:00,395.72,396.21,395.42,395.77,2431889
2024-01-10 09:30:00,395.02,395.12,394.97,395.04,1173314
2024-01-10 09:45:00,394.89,394.95,394.89,394.95,1088606
2024-01-10 10:00:00,394.40,394.51,394.27,394.34,561840
2024-01-10 10:15:00,393.85,394.32,393.69,394.06,1257482
2024-01-10 10:30:00,393.03,393.85,392.99,393.18,1157808
2024-01-10 10:45:00,394.10,394.13,394.05,394.09,89731
2024-01-10 11:00:00,394.81,395.41,394.26,394.68,3748434
2024-01-10 11:15:00,396.76,396.93,396.34,396.50,1765365
2024-01-10 11:30:00,396.53,396.72,396.51,396.61,969915
2024-01-10 11:45:00,394.93,395.61,394.84,395.30,1821180
2024-01-10 12:00:00,394.96,395.34,394.79,395.16,587961
2024-01-10 12:15:00,396.34,396.89,395.49,396.11,534891
2024-01-10 12:30:00,395.27,396.31,395.09,395.66,3001122
2024-01-10 12:45:00,395.28,396.96,393.94,395.77,1985338
2024-01-10 13:00:00,396.42,396.56,396.24,396.54,914468
2024-01-10 13:15:00,397.81,397.83,397.35,397.69,351979
2024-01-10 13:30:00,398.98,399.53,398.24,398.73,1678628
2024-01-10 13:45:00,399.42,399.79,399.17,399.62,425537
2024-01-10 14:00:00,398.05,398.97,397.83,398.31,779415
2024-01-10 14:15:00,397.37,397.52,397.03,397.24,1004894
2024-01-10 14:30:00,398.19,398.28,397.95,398.08,2277180
2024-01-10 14:45:00,397.46,398.44,396.49,397.89,522465
2024-01-10 15:00:00,397.27,397.39,396.64,396.82,1106553
2024-01-10 15:15:00,397.03,397.96,396.63,397.44,2094641
2024-01-10 15:30:00,395.89,396.20,395.74,396.07,728398
2024-01-10 15:45:00,398.07,399.20,396.60,397.80,228179
2024-01-11 09:30:00,398.86,399.06,398.76,398.85,3717403
2024-01-11 09:45:00,398.93,399.73,398.70,399.09,1300352
2024-01-11 10:00:00,399.51,400.08,399.17,399.51,3400959
2024-01-11 10:15:00,399.77,401.26,399.01,400.02,1120735
2024-01-11 10:30:00,399.64,399.95,399.05,399.11,784873
2024-01-11 10:45:00,399.75,401.32,399.31,400.02,2907960
2024-01-11 11:00:00,401.33,401.46,400.89,401.19,717590
2024-01-11 11:15:00,401.12,401.38,399.96,401.06,1101752
2024-01-11 11:30:00,401.97,402.49,400.82,401.46,512932
2024-01-11 11:45:00,401.79,402.65,401.79,402.20,359102
2024-01-11 12:00:00,403.58,404.37,402.82,403.39,445712
2024-01-11 12:15:00,403.36,404.07,403.10,403.27,139410
2024-01-11 12:30:00,404.13,404.36,403.78,404.12,762103
2024-01-11 12:45:00,403.77,404.07,403.58,403.88,1144407
2024-01-11 13:00:00,403.25,404.34,403.21,403.80,3164043
2024-01-11 13:15:00,403.21,403.71,403.21,403.63,1646427
2024-01-11 13:30:00,402.24,402.96,400.94,402.01,2021058
2024-01-11 13:45:00,403.80,403.83,403.44,403.60,242977
2024-01-11 14:00:00,402.90,403.96,402.83,403.80,1053648
2024-01-11 14:15:00,404.18,404.98,403.67,404.38,1471559
2024-01-11 14:30:00,404.49,405.19,404.48,405.03,1881454
2024-01-11 14:45:00,404.08,404.55,403.31,404.15,1246271
2024-01-11 15:00:00,404.79,405.05,404.71,404.84,347116
2024-01-11 15:15:00,404.05,404.20,403.00,403.64,324204
2024-01-11 15:30:00,401.21,401.82,400.77,401.40,2281300
2024-01-11 15:45:00,400.61,401.04,399.54,400.24,783927
2024-01-12 09:30:00,399.69,400.17,399.04,399.72,813403
2024-01-12 09:45:00,396.96,397.19,396.57,396.63,383090
2024-01-12 10:00:00,398.97,399.21,398.77,398.82,1631768
2024-01-12 10:15:00,399.40,400.78,398.76,399.78,471953
2024-01-12 10:30:00,399.51,399.55,398.44,399.18,1085529
2024-01-12 10:45:00,397.79,398.65,397.27,397.92,1570565
2024-01-12 11:00:00,398.45,398.79,398.18,398.40,1318013
2024-01-12 11:15:00,397.81,397.85,397.05,397.31,1265513
2024-01-12 11:30:00,396.12,396.15,395.95,395.98,964539
2024-01-12 11:45:00,395.29,395.67,393.77,394.72,1665062
2024-01-12 12:00:00,393.52,394.21,393.33,393.64,2163523
2024-01-12 12:15:00,391.90,392.29,391.83,392.24,2070675
2024-01-12 12:30:00,391.35,392.20,390.49,391.64,1473309
2024-01-12 12:45:00,391.85,393.03,390.62,391.14,1286445
2024-01-12 13:00:00,391.55,391.94,390.53,391.44,2660863
2024-01-12 13:15:00,392.02,392.32,391.62,392.05,827263
2024-01-12 13:30:00,393.25,393.42,392.77,393.05,780687
2024-01-12 13:45:00,393.82,394.39,393.23,393.60,1531208
2024-01-12 14:00:00,393.27,393.48,393.17,393.29,1042866
2024-01-12 14:15:00,391.39,391.72,390.85,391.37,1260489
2024-01-12 14:30:00,390.51,391.17,389.86,390.58,1742694
2024-01-12 14:45:00,390.30,390.79,388.68,390.34,2289401
2024-01-12 15:00:00,390.69,390.81,390.36,390.41,662495
2024-01-12 15:15:00,390.23,390.50,389.97,390.23,1898830
2024-01-12 15:30:00,390.81,391.19,389.65,391.00,2701728
2024-01-12 15:45:00,390.64,391.08,388.97,390.18,1084040
2024-01-15 09:30:00,390.37,390.49,389.87,389.99,1395580
2024-01-15 09:45:00,389.96,391.24,389.72,390.45,2007528
2024-01-15 10:00:00,389.93,390.24,389.82,389.84,151518
2024-01-15 10:15:00,391.18,392.48,389.58,390.82,514137
2024-01-15 10:30:00,391.62,392.49,391.22,391.82,600198
2024-01-15 10:45:00,391.65,391.79,391.27,391.42,1916467
2024-01-15 11:00:00,390.01,390.28,388.80,390.00,901478
2024-01-15 11:15:00,390.95,391.29,390.23,390.52,841881
2024-01-15 11:30:00,391.32,392.28,390.63,391.45,883698
2024-01-15 11:45:00,391.09,391.68,390.95,391.35,1618195
2024-01-15 12:00:00,391.67,392.03,391.38,391.72,766665
2024-01-15 12:15:00,390.39,391.15,390.30,390.47,1663164
2024-01-15 12:30:00,390.34,392.00,389.75,390.91,663450
2024-01-15 12:45:00,390.79,390.99,390.23,390.41,2576125
2024-01-15 13:00:00,390.45,390.73,390.25,390.30,6045251
2024-01-15 13:15:00,389.72,391.82,387.53,389.52,99726
2024-01-15 13:30:00,389.33,389.81,386.99,388.69,1636060
2024-01-15 13:45:00,390.34,390.63,390.24,390.56,1345740
2024-01-15 14:00:00,390.98,392.13,389.97,390.80,4144701
2024-01-15 14:15:00,391.14,391.67,390.97,391.45,966938
2024-01-15 14:30:00,392.28,392.83,391.61,392.30,912282
2024-01-15 14:45:00,393.84,393.85,393.77,393.80,1186429
2024-01-15 15:00:00,393.92,394.21,393.45,393.56,1937789
2024-01-15 15:15:00,394.14,394.15,394.01,394.02,1383471
2024-01-15 15:30:00,392.67,392.92,392.22,392.77,1308123
2024-01-15 15:45:00,394.14,394.72,393.32,393.97,543297
2024-01-16 09:30:00,394.37,394.52,394.33,394.51,391751
2024-01-16 09:45:00,394.67,395.03,394.17,394.97,3379423
2024-01-16 10:00:00,394.52,395.77,393.89,394.95,254638
2024-01-16 10:15:00,398.28,398.60,397.90,397.91,1196261
2024-01-16 10:30:00,397.89,399.63,396.67,397.81,4426570
2024-01-16 10:45:00,397.10,397.52,396.57,396.79,612986
2024-01-16 11:00:00,395.34,395.87,395.34,395.81,168759
2024-01-16 11:15:00,394.97,395.74,394.36,395.30,847248
2024-01-16 11:30:00,394.98,395.39,394.78,395.00,2935481
2024-01-16 11:45:00,395.75,395.88,395.59,395.73,266009
2024-01-16 12:00:00,395.77,396.04,395.42,395.95,291122
2024-01-16 12:15:00,396.09,396.15,395.50,395.57,959460
2024-01-16 12:30:00,395.05,395.30,394.45,394.78,305188
2024-01-16 12:45:00,395.98,396.78,395.27,396.42,3134573
2024-01-16 13:00:00,395.60,395.85,395.39,395.74,1392121
2024-01-16 13:15:00,395.76,396.18,394.60,395.32,1690329
2024-01-16 13:30:00,393.37,393.79,392.75,393.36,2587064
2024-01-16 13:45:00,393.71,394.01,392.07,393.28,2584973
2024-01-16 14:00:00,391.59,392.26,391.35,392.17,133850
2024-01-16 14:15:00,392.71,393.01,392.04,392.74,675578
2024-01-16 14:30:00,392.35,393.03,392.06,392.83,1059714
2024-01-16 14:45:00,391.76,392.83,389.89,391.79,1210790
2024-01-16 15:00:00,393.51,393.65,392.97,393.48,1779557
2024-01-16 15:15:00,394.28,394.95,393.18,394.06,2316700
2024-01-16 15:30:00,395.74,397.21,394.28,395.41,588206
2024-01-16 15:45:00,396.64,397.82,394.83,396.23,3969709
2024-01-17 09:30:00,396.20,397.05,394.98,396.45,740141
2024-01-17 09:45:00,397.69,398.32,397.08,397.67,1423671
2024-01-17 10:00:00,399.06,399.06,398.66,398.68,845022
2024-01-17 10:15:00,400.57,401.32,400.43,400.52,406338
2024-01-17 10:30:00,399.07,399.99,398.64,398.94,1162381
2024-01-17 10:45:00,398.13,398.61,397.32,397.92,2136029
2024-01-17 11:00:00,397.92,398.09,397.67,397.91,595843
2024-01-17 11:15:00,396.59,396.76,395.45,396.38,245227
2024-01-17 11:30:00,396.07,396.79,395.59,395.66,345112
2024-01-17 11:45:00,396.52,397.43,394.40,396.74,1813232
2024-01-17 12:00:00,397.19,397.33,397.03,397.25,761881
2024-01-17 12:15:00,396.10,396.21,394.90,395.70,2583915
2024-01-17 12:30:00,397.29,397.32,397.15,397.20,1010669
2024-01-17 12:45:00,398.11,398.20,398.07,398.19,1448225
2024-01-17 13:00:00,398.28,398.54,397.74,397.99,377280
2024-01-17 13:15:00,398.05,398.85,397.73,398.49,2704449
2024-01-17 13:30:00,398.83,398.85,398.79,398.81,832861
2024-01-17 13:45:00,399.55,399.58,398.92,399.25,397540
2024-01-17 14:00:00,398.81,399.19,398.47,398.94,374511
2024-01-17 14:15:00,400.77,401.44,400.70,401.23,910247
2024-01-17 14:30:00,401.27,401.44,400.78,400.98,352525
2024-01-17 14:45:00,401.43,401.49,400.85,401.02,1964335
2024-01-17 15:00:00,400.54,401.30,399.86,400.67,959460
2024-01-17 15:15:00,401.19,401.93,399.17,400.94,1449577
2024-01-17 15:30:00,400.39,401.17,400.00,400.38,452726
2024-01-17 15:45:00,399.15,399.85,398.91,399.35,2470501
2024-01-18 09:30:00,398.13,399.44,396.97,398.25,1197046
2024-01-18 09:45:00,397.63,398.46,397.57,397.79,1173373
2024-01-18 10:00:00,396.93,397.32,395.96,396.53,1060431
2024-01-18 10:15:00,395.13,396.17,394.62,395.23,1170027
2024-01-18 10:30:00,396.45,396.45,396.09,396.15,1516949
2024-01-18 10:45:00,394.90,395.79,394.36,395.08,1481592
2024-01-18 11:00:00,395.61,395.64,395.41,395.48,458365
2024-01-18 11:15:00,396.27,396.58,395.77,396.08,1282110
2024-01-18 11:30:00,396.21,396.93,396.13,396.32,4014086
2024-01-18 11:45:00,395.96,396.24,395.84,396.12,1700501
2024-01-18 12:00:00,396.13,396.32,395.47,396.10,1264074
2024-01-18 12:15:00,395.54,396.24,395.37,395.67,2810912
2024-01-18 12:30:00,395.33,395.48,395.17,395.20,973024
2024-01-18 12:45:00,395.70,396.52,394.28,395.12,1813097
2024-01-18 13:00:00,395.17,396.08,394.16,394.95,901056
2024-01-18 13:15:00,395.55,395.66,395.04,395.47,1517470
2024-01-18 13:30:00,396.28,396.42,395.63,396.09,2370938
2024-01-18 13:45:00,397.40,397.57,397.16,397.40,282106
2024-01-18 14:00:00,397.64,397.67,397.45,397.48,1498704
2024-01-18 14:15:00,396.84,397.17,396.82,397.12,2888945
2024-01-18 14:30:00,396.15,396.41,395.60,396.21,2727847
2024-01-18 14:45:00,395.77,396.86,395.30,395.81,2545711
2024-01-18 15:00:00,397.12,397.15,396.96,396.98,901713
2024-01-18 15:15:00,396.26,396.68,395.84,396.17,753394
2024-01-18 15:30:00,395.04,395.61,394.74,395.27,582736
2024-01-18 15:45:00,395.71,395.95,395.06,395.52,967071
2024-01-19 09:30:00,395.85,396.55,395.12,395.91,2282735
2024-01-19 09:45:00,397.53,399.97,397.19,397.65,2491560
2024-01-19 10:00:00,396.22,396.94,395.34,396.19,830301
2024-01-19 10:15:00,395.05,395.21,394.84,394.93,46330
2024-01-19 10:30:00,394.65,395.42,393.61,394.70,1056960
2024-01-19 10:45:00,394.06,394.27,393.56,394.11,1003309
2024-01-19 11:00:00,394.16,394.63,393.85,394.47,3114118
2024-01-19 11:15:00,396.32,396.36,395.91,395.92,2340103
2024-01-19 11:30:00,395.89,396.42,395.76,395.99,2140680
2024-01-19 11:45:00,395.04,395.19,394.24,394.58,746655
2024-01-19 12:00:00,395.50,395.52,395.49,395.50,727553
2024-01-19 12:15:00,397.10,397.61,396.92,397.08,334848
2024-01-19 12:30:00,394.45,394.61,394.05,394.47,511758
2024-01-19 12:45:00,394.40,394.84,394.39,394.55,2115932
2024-01-19 13:00:00,394.53,394.81,393.97,394.60,2327397
2024-01-19 13:15:00,395.13,395.14,395.04,395.06,943839
2024-01-19 13:30:00,393.81,394.05,393.57,393.83,1904964
2024-01-19 13:45:00,392.69,393.45,392.46,393.22,2772377
2024-01-19 14:00:00,393.20,393.87,392.27,392.62,449759
2024-01-19 14:15:00,391.52,394.36,391.15,391.72,1076133
2024-01-19 14:30:00,391.48,393.33,391.38,391.42,325096
2024-01-19 14:45:00,391.89,392.06,391.72,391.86,1215123
2024-01-19 15:00:00,391.16,391.52,390.68,390.85,932246
2024-01-19 15:15:00,391.97,392.56,390.68,391.46,2405105
2024-01-19 15:30:00,391.41,391.43,391.23,391.35,1328492
2024-01-19 15:45:00,391.32,391.34,390.86,390.88,577510
2024-01-22 09:30:00,390.00,390.68,389.96,390.50,486117
2024-01-22 09:45:00,390.98,391.00,390.37,390.38,314092
2024-01-22 10:00:00,390.16,390.34,390.09,390.26,1478667
2024-01-22 10:15:00,390.04,390.77,389.65,389.88,1510475
2024-01-22 10:30:00,390.90,391.15,390.54,390.75,543868
2024-01-22 10:45:00,391.34,392.20,390.91,391.63,1217507
2024-01-22 11:00:00,390.90,391.06,390.71,390.92,3347461
2024-01-22 11:15:00,391.34,392.03,391.09,391.38,1673831
2024-01-22 11:30:00,391.77,392.13,390.91,391.65,1361503
2024-01-22 11:45:00,390.11,390.64,389.92,390.09,80240
2024-01-22 12:00:00,392.19,392.94,391.39,392.17,2155605
2024-01-22 12:15:00,392.06,392.54,392.02,392.20,397438
2024-01-22 12:30:00,392.44,392.94,391.90,392.16,404349
2024-01-22 12:45:00,392.32,393.33,392.09,392.42,811494
2024-01-22 13:00:00,392.23,393.28,391.63,392.09,838209
2024-01-22 13:15:00,393.16,393.24,392.45,392.68,1189546
2024-01-22 13:30:00,392.68,392.72,392.45,392.49,468246
2024-01-22 13:45:00,391.37,391.95,391.34,391.87,392492
2024-01-22 14:00:00,391.49,392.33,391.26,391.71,1183520
2024-01-22 14:15:00,391.58,392.04,391.56,391.80,3702577
2024-01-22 14:30:00,392.68,393.18,391.48,392.31,2087574
2024-01-22 14:45:00,392.84,393.16,392.16,392.31,490823
2024-01-22 15:00:00,392.58,392.61,392.10,392.46,587612
2024-01-22 15:15:00,392.71,393.22,392.40,392.97,633895
2024-01-22 15:30:00,393.39,393.50,393.29,393.33,895237
2024-01-22 15:45:00,393.06,393.11,392.97,393.09,1570996
2024-01-23 09:30:00,393.87,395.49,392.42,393.70,1059322
2024-01-23 09:45:00,391.71,391.88,391.34,391.65,710353
2024-01-23 10:00:00,391.76,392.08,391.56,391.74,2942958
2024-01-23 10:15:00,392.26,392.62,391.87,392.28,289430
2024-01-23 10:30:00,391.85,393.31,391.09,391.74,3842357
2024-01-23 10:45:00,392.77,393.24,392.41,392.42,2417592
2024-01-23 11:00:00,390.77,391.20,390.29,391.11,930098
2024-01-23 11:15:00,391.93,391.93,391.60,391.81,668268
2024-01-23 11:30:00,392.94,394.87,392.25,393.08,165127
2024-01-23 11:45:00,394.37,395.68,393.96,394.62,418978
2024-01-23 12:00:00,393.22,393.63,392.77,393.11,602667
2024-01-23 12:15:00,391.79,392.51,391.76,392.42,924496
2024-01-23 12:30:00,392.17,393.24,390.78,391.84,1147596
2024-01-23 12:45:00,392.17,393.88,391.78,392.19,1723401
2024-01-23 13:00:00,391.28,391.57,389.76,390.98,587365
2024-01-23 13:15:00,392.62,393.20,392.03,392.37,783756
2024-01-23 13:30:00,390.92,390.92,390.74,390.92,2648202
2024-01-23 13:45:00,391.65,391.96,391.23,391.87,4304945
2024-01-23 14:00:00,392.75,392.85,392.30,392.82,894748
2024-01-23 14:15:00,393.24,393.60,392.99,393.27,1843769
2024-01-23 14:30:00,394.11,394.21,394.11,394.18,419579
2024-01-23 14:45:00,395.24,395.31,394.74,394.82,754843
2024-01-23 15:00:00,392.83,393.46,392.54,393.34,1250660
2024-01-23 15:15:00,392.40,392.74,392.38,392.73,366768
2024-01-23 15:30:00,392.93,393.48,392.32,393.03,392285
2024-01-23 15:45:00,394.48,394.67,393.59,393.93,727676
2024-01-24 09:30:00,395.23,395.65,394.73,394.78,1018995
2024-01-24 09:45:00,396.06,397.58,395.32,396.14,1606724
2024-01-24 10:00:00,394.98,395.73,394.95,395.57,1487200
2024-01-24 10:15:00,395.68,396.37,395.61,396.10,1238224
2024-01-24 10:30:00,394.89,396.65,393.78,395.82,803958
2024-01-24 10:45:00,396.13,396.43,395.93,396.19,1343373
2024-01-24 11:00:00,396.98,397.68,396.33,396.88,1212267
2024-01-24 11:15:00,395.27,396.69,395.06,395.53,872922
2024-01-24 11:30:00,394.61,395.09,394.20,394.77,1911293
2024-01-24 11:45:00,394.92,394.96,393.72,394.76,987151
2024-01-24 12:00:00,393.87,395.85,393.82,393.88,858772
2024-01-24 12:15:00,393.69,394.16,393.53,393.82,1219001
2024-01-24 12:30:00,393.59,394.10,393.06,393.52,2874673
2024-01-24 12:45:00,393.79,394.34,393.73,394.10,4052771
2024-01-24 13:00:00,395.08,395.18,394.79,394.89,783634
2024-01-24 13:15:00,396.06,396.43,395.89,396.29,1095124
2024-01-24 13:30:00,398.42,399.46,397.53,398.15,576733
2024-01-24 13:45:00,397.73,398.22,397.61,398.18,2101826
2024-01-24 14:00:00,399.13,399.19,398.35,399.17,790646
2024-01-24 14:15:00,399.04,399.29,398.09,398.32,789698
2024-01-24 14:30:00,397.31,398.20,397.14,397.55,1519887
2024-01-24 14:45:00,397.88,398.36,397.79,398.12,313986
2024-01-24 15:00:00,396.71,397.48,395.64,397.08,543486
2024-01-24 15:15:00,398.25,398.85,397.96,398.57,2562561
2024-01-24 15:30:00,397.57,397.58,397.34,397.34,219265
2024-01-24 15:45:00,396.73,396.87,396.65,396.82,1505215
2024-01-25 09:30:00,396.50,396.81,396.02,396.18,488682
2024-01-25 09:45:00,396.37,397.04,396.31,396.83,1049172
2024-01-25 10:00:00,398.06,398.78,397.63,398.24,892619
2024-01-25 10:15:00,396.45,396.59,394.53,396.34,1481632
2024-01-25 10:30:00,395.04,395.25,394.56,395.22,512348
2024-01-25 10:45:00,394.42,394.71,393.58,394.22,3062460
2024-01-25 11:00:00,393.58,393.98,393.58,393.70,842053
2024-01-25 11:15:00,395.03,395.17,393.58,394.59,2029871
2024-01-25 11:30:00,395.06,395.06,394.73,394.78,963399
2024-01-25 11:45:00,395.79,396.15,395.20,395.38,491175
2024-01-25 12:00:00,394.77,395.18,394.68,394.92,884627
2024-01-25 12:15:00,394.11,395.10,391.91,394.26,1059691
2024-01-25 12:30:00,392.89,393.17,392.11,392.27,2659894
2024-01-25 12:45:00,393.06,393.20,392.78,392.82,1603814
2024-01-25 13:00:00,393.12,393.15,392.69,392.69,2347417
2024-01-25 13:15:00,392.14,392.53,391.55,391.90,910210
2024-01-25 13:30:00,391.96,392.48,391.87,392.08,453049
2024-01-25 13:45:00,392.57,392.59,392.32,392.39,895848
2024-01-25 14:00:00,393.46,393.67,393.46,393.66,49141
2024-01-25 14:15:00,394.98,395.31,394.84,395.29,799124
2024-01-25 14:30:00,395.11,395.14,394.86,394.87,883981
2024-01-25 14:45:00,394.77,394.83,393.17,394.33,2189444
2024-01-25 15:00:00,395.13,395.83,394.41,395.33,397233
2024-01-25 15:15:00,396.07,396.36,395.15,395.80,3293844
2024-01-25 15:30:00,395.72,396.04,395.65,395.68,1216845
2024-01-25 15:45:00,395.80,396.36,395.78,396.21,2314332
2024-01-26 09:30:00,397.29,397.37,397.13,397.14,1203182
2024-01-26 09:45:00,397.38,397.70,396.89,397.13,1721224
2024-01-26 10:00:00,395.63,396.17,395.09,395.76,403445
2024-01-26 10:15:00,396.10,396.46,395.59,395.83,2080822
2024-01-26 10:30:00,395.36,396.71,394.91,395.03,1451724
2024-01-26 10:45:00,395.39,395.50,395.33,395.41,1346304
2024-01-26 11:00:00,396.31,397.13,396.24,396.86,1471049
2024-01-26 11:15:00,397.90,397.90,397.71,397.72,1958924
2024-01-26 11:30:00,397.55,397.78,397.52,397.75,1070594
2024-01-26 11:45:00,398.30,398.90,397.14,397.98,2873099
2024-01-26 12:00:00,397.21,399.01,396.76,397.52,1557134
2024-01-26 12:15:00,398.17,398.89,398.02,398.12,1920078
2024-01-26 12:30:00,399.64,399.83,399.05,399.37,1212347
2024-01-26 12:45:00,399.75,400.18,399.61,400.09,505523
2024-01-26 13:00:00,398.94,399.09,398.89,399.04,1422775
2024-01-26 13:15:00,399.52,399.79,398.97,399.61,1872831
2024-01-26 13:30:00,398.58,398.90,398.56,398.87,2901082
2024-01-26 13:45:00,401.28,401.67,400.93,401.46,2777336
2024-01-26 14:00:00,401.44,402.96,399.69,401.62,2025315
2024-01-26 14:15:00,400.87,401.86,400.33,401.04,2376609
2024-01-26 14:30:00,402.48,402.78,401.93,402.28,2211134
2024-01-26 14:45:00,401.68,402.60,401.45,402.25,179657
2024-01-26 15:00:00,404.03,404.57,403.94,404.13,874212
2024-01-26 15:15:00,404.53,404.94,404.15,404.92,422828
2024-01-26 15:30:00,406.46,407.99,405.34,406.50,754956
2024-01-26 15:45:00,406.47,407.16,405.35,406.71,1670056
2024-01-29 09:30:00,404.69,405.78,403.48,404.69,3696686
2024-01-29 09:45:00,403.84,404.28,403.81,404.26,610457
2024-01-29 10:00:00,403.05,403.35,402.77,402.98,1253323
2024-01-29 10:15:00,404.17,404.19,403.87,403.88,552761
2024-01-29 10:30:00,405.41,405.86,404.27,404.75,1448049
2024-01-29 10:45:00,404.03,404.09,403.61,403.63,1497674
2024-01-29 11:00:00,404.12,404.27,404.10,404.25,988153
2024-01-29 11:15:00,405.05,407.78,401.31,404.56,96790
2024-01-29 11:30:00,403.28,404.33,402.83,403.89,960151
2024-01-29 11:45:00,404.70,405.52,404.05,404.80,1101875
2024-01-29 12:00:00,404.48,404.66,404.46,404.57,1528273
2024-01-29 12:15:00,406.44,406.44,405.70,405.78,3008385
2024-01-29 12:30:00,405.59,405.83,405.44,405.72,2097480
2024-01-29 12:45:00,405.49,405.74,405.45,405.67,3227686
2024-01-29 13:00:00,405.67,405.94,405.54,405.86,2013462
2024-01-29 13:15:00,407.36,408.23,406.25,407.31,1807079
2024-01-29 13:30:00,407.57,407.68,406.15,406.95,910795
2024-01-29 13:45:00,406.68,407.56,406.06,407.00,509890
2024-01-29 14:00:00,407.97,409.13,407.68,407.86,2270625
2024-01-29 14:15:00,407.78,409.21,406.83,408.25,1855402
2024-01-29 14:30:00,410.20,410.41,409.70,409.96,1019152
2024-01-29 14:45:00,408.85,409.46,408.78,409.14,619944
2024-01-29 15:00:00,410.03,411.50,408.10,409.67,1353113
2024-01-29 15:15:00,409.61,410.26,409.06,409.50,489367
2024-01-29 15:30:00,410.71,411.45,410.10,410.37,1320078
2024-01-29 15:45:00,410.20,410.48,409.44,409.82,716361
2024-01-30 09:30:00,408.82,409.46,408.27,409.36,1058337
2024-01-30 09:45:00,408.63,409.99,408.41,408.69,1618345
2024-01-30 10:00:00,407.51,407.53,407.41,407.42,1504741
2024-01-30 10:15:00,406.32,407.49,405.32,406.47,3024484
2024-01-30 10:30:00,405.34,406.59,404.76,405.26,1363952
2024-01-30 10:45:00,404.50,405.31,403.66,404.28,582401
2024-01-30 11:00:00,402.43,402.81,402.30,402.61,1424656
2024-01-30 11:15:00,403.17,403.20,402.64,402.83,1379776
2024-01-30 11:30:00,403.99,404.25,402.62,403.19,1554930
2024-01-30 11:45:00,403.37,403.96,403.15,403.57,2133856
2024-01-30 12:00:00,403.10,403.48,403.04,403.39,1042873
2024-01-30 12:15:00,402.26,402.39,402.08,402.23,353003
2024-01-30 12:30:00,401.56,401.79,401.07,401.52,464184
2024-01-30 12:45:00,401.68,402.35,401.49,402.12,247282
2024-01-30 13:00:00,402.47,402.52,401.57,402.25,289440
2024-01-30 13:15:00,403.99,404.01,402.56,403.31,2180361
2024-01-30 13:30:00,402.83,403.38,402.07,402.55,593864
2024-01-30 13:45:00,400.81,401.30,400.74,401.12,2584089
2024-01-30 14:00:00,400.18,400.65,400.04,400.56,438880
2024-01-30 14:15:00,401.05,401.37,400.81,401.32,1938368
2024-01-30 14:30:00,401.68,401.81,401.05,401.60,494701
2024-01-30 14:45:00,402.03,402.71,401.95,402.60,248297
2024-01-30 15:00:00,401.24,402.64,400.50,401.17,1821948
2024-01-30 15:15:00,400.83,401.50,400.73,401.29,638392
2024-01-30 15:30:00,401.70,401.85,401.59,401.60,2140451
2024-01-30 15:45:00,401.49,401.69,400.54,401.23,1238771
2024-01-31 09:30:00,402.36,403.55,401.74,402.43,3113043
2024-01-31 09:45:00,401.83,401.84,401.54,401.56,2673375
2024-01-31 10:00:00,402.14,403.03,401.17,402.41,572547
2024-01-31 10:15:00,401.83,402.86,401.44,401.68,392152
2024-01-31 10:30:00,401.48,401.51,401.09,401.20,1127473
2024-01-31 10:45:00,400.07,400.60,399.80,400.30,2064646
2024-01-31 11:00:00,399.15,400.26,398.63,399.02,212855
2024-01-31 11:15:00,398.32,398.37,398.32,398.34,561926
2024-01-31 11:30:00,398.66,399.02,398.08,398.61,1541929
2024-01-31 11:45:00,399.09,399.45,398.90,399.04,1899303
2024-01-31 12:00:00,401.23,401.38,400.66,400.88,893117
2024-01-31 12:15:00,401.00,402.45,400.10,401.70,2972947
2024-01-31 12:30:00,400.75,400.87,400.28,400.43,325161
2024-01-31 12:45:00,401.92,402.04,401.86,401.94,102558
2024-01-31 13:00:00,402.80,403.09,402.44,402.80,349962
2024-01-31 13:15:00,401.91,402.50,401.45,401.87,663956
2024-01-31 13:30:00,401.53,401.63,401.27,401.39,1956675
2024-01-31 13:45:00,403.56,403.97,402.64,403.14,1629124
2024-01-31 14:00:00,401.41,401.90,401.26,401.82,5163503
2024-01-31 14:15:00,399.02,399.18,398.58,398.98,283827
2024-01-31 14:30:00,398.24,398.69,398.17,398.60,2325977
2024-01-31 14:45:00,400.08,400.17,399.77,400.15,1787442
2024-01-31 15:00:00,400.37,400.82,400.25,400.54,1385130
2024-01-31 15:15:00,400.04,400.18,399.46,399.78,857011
2024-01-31 15:30:00,401.56,401.78,401.20,401.30,833307
2024-01-31 15:45:00,400.54,400.77,399.19,400.42,608479
2024-02-01 09:30:00,403.00,403.03,402.39,402.42,3129510
2024-02-01 09:45:00,401.08,401.30,400.09,401.23,1401891
2024-02-01 10:00:00,401.89,402.25,401.73,402.14,4376469
2024-02-01 10:15:00,402.92,403.21,402.42,402.55,2246269
2024-02-01 10:30:00,402.00,402.84,401.40,402.05,2020939
2024-02-01 10:45:00,403.42,403.84,402.32,402.95,336361
2024-02-01 11:00:00,404.17,404.42,403.91,404.14,2087359
2024-02-01 11:15:00,402.45,403.28,401.89,402.25,2611120
2024-02-01 11:30:00,403.68,403.73,403.15,403.25,184221
2024-02-01 11:45:00,403.15,403.30,403.11,403.28,930896
2024-02-01 12:00:00,403.75,404.02,402.60,403.84,193223
2024-02-01 12:15:00,404.18,405.84,403.45,404.39,1302318
2024-02-01 12:30:00,404.71,405.12,404.34,404.77,2041853
2024-02-01 12:45:00,403.27,403.51,403.00,403.33,1293257
2024-02-01 13:00:00,404.16,404.17,403.47,404.17,1378254
2024-02-01 13:15:00,405.95,406.35,405.91,406.29,1098311
2024-02-01 13:30:00,405.99,406.33,405.71,406.27,1142380
2024-02-01 13:45:00,406.46,406.56,406.05,406.14,2315422
2024-02-01 14:00:00,407.78,408.56,406.22,407.81,622473
2024-02-01 14:15:00,406.52,406.87,406.52,406.84,269168
2024-02-01 14:30:00,408.24,408.35,407.87,408.18,2606066
2024-02-01 14:45:00,409.09,409.47,408.33,408.81,1360737
2024-02-01 15:00:00,409.19,411.09,409.09,409.47,1381288
2024-02-01 15:15:00,409.94,410.60,409.88,410.41,2985188
2024-02-01 15:30:00,409.86,409.99,409.66,409.87,1554089
2024-02-01 15:45:00,408.36,408.57,408.27,408.28,792877
2024-02-02 09:30:00,409.25,410.98,408.61,409.05,450239
2024-02-02 09:45:00,408.86,408.93,408.70,408.70,243282
2024-02-02 10:00:00,408.73,409.21,408.71,409.13,562546
2024-02-02 10:15:00,406.88,407.43,405.97,407.35,2422707
2024-02-02 10:30:00,407.42,407.93,406.86,407.27,2849482
2024-02-02 10:45:00,406.68,406.73,406.29,406.61,1430592
2024-02-02 11:00:00,405.55,405.96,405.28,405.68,1029119
2024-02-02 11:15:00,405.91,405.98,405.18,405.35,896647
2024-02-02 11:30:00,404.65,404.68,404.64,404.66,4158014
2024-02-02 11:45:00,405.22,405.49,404.39,404.75,1471646
2024-02-02 12:00:00,403.48,404.04,403.41,403.68,1561520
2024-02-02 12:15:00,403.79,404.16,403.75,403.93,1745696
2024-02-02 12:30:00,403.23,404.15,402.97,403.43,1078657
2024-02-02 12:45:00,405.80,406.06,405.47,405.50,1693232
2024-02-02 13:00:00,406.34,406.93,405.94,406.59,823228
2024-02-02 13:15:00,407.43,407.66,405.57,407.32,1592425
2024-02-02 13:30:00,406.17,406.47,406.14,406.39,2783886
2024-02-02 13:45:00,407.74,408.21,406.86,407.48,584747
2024-02-02 14:00:00,408.07,408.38,407.54,408.29,1296748
2024-02-02 14:15:00,407.85,408.18,406.80,406.99,2596698
2024-02-02 14:30:00,407.61,408.01,407.36,407.81,794757
2024-02-02 14:45:00,406.89,407.14,406.57,406.79,908257
2024-02-02 15:00:00,403.95,404.09,403.80,403.92,848001
2024-02-02 15:15:00,401.53,401.82,401.51,401.77,1080614
2024-02-02 15:30:00,402.05,402.22,401.28,402.00,2579567
2024-02-02 15:45:00,403.36,403.79,402.57,402.86,908405
2024-02-05 09:30:00,401.54,401.65,401.39,401.64,1029815
2024-02-05 09:45:00,400.22,400.54,399.63,399.92,112733
2024-02-05 10:00:00,399.24,399.45,398.93,399.43,542626
2024-02-05 10:15:00,399.60,399.66,399.44,399.51,1496253
2024-02-05 10:30:00,398.48,398.68,398.40,398.56,1747460
2024-02-05 10:45:00,398.33,398.55,398.03,398.26,1698300
2024-02-05 11:00:00,398.16,398.60,397.77,398.27,775800
2024-02-05 11:15:00,398.20,398.71,398.04,398.46,1030805
2024-02-05 11:30:00,398.24,398.33,398.12,398.30,1945345
2024-02-05 11:45:00,397.88,398.22,397.17,397.82,2858770
2024-02-05 12:00:00,398.44,398.64,398.17,398.36,4407104
2024-02-05 12:15:00,399.95,399.97,399.74,399.91,1616044
2024-02-05 12:30:00,400.40,400.68,400.32,400.63,522264
2024-02-05 12:45:00,401.99,402.02,401.90,401.95,3171383
2024-02-05 13:00:00,402.10,402.11,401.51,401.69,836631
2024-02-05 13:15:00,400.13,401.92,399.68,400.64,1117527
2024-02-05 13:30:00,401.10,401.53,400.62,400.89,632130
2024-02-05 13:45:00,398.90,399.29,398.47,398.72,1152604
2024-02-05 14:00:00,398.70,399.32,398.52,398.85,3442968
2024-02-05 14:15:00,399.95,400.44,399.93,400.39,547862
2024-02-05 14:30:00,400.11,400.31,399.77,400.18,1927543
2024-02-05 14:45:00,400.52,401.89,399.81,400.30,1632005
2024-02-05 15:00:00,402.72,403.48,401.66,402.48,929960
2024-02-05 15:15:00,401.92,402.33,399.39,401.94,1690541
2024-02-05 15:30:00,402.06,402.58,401.44,401.87,2929644
2024-02-05 15:45:00,401.15,403.08,398.98,400.99,842709
2024-02-06 09:30:00,401.96,402.26,401.57,401.81,825779
2024-02-06 09:45:00,402.12,402.36,401.73,401.90,1487966
2024-02-06 10:00:00,400.97,401.83,400.51,401.04,512716
2024-02-06 10:15:00,402.80,403.13,402.12,402.70,320921
2024-02-06 10:30:00,403.37,403.46,402.71,402.77,1341461
2024-02-06 10:45:00,402.57,402.60,402.47,402.52,2727432
2024-02-06 11:00:00,400.95,401.80,400.78,401.55,1323048
2024-02-06 11:15:00,405.00,405.73,404.18,404.73,1536178
2024-02-06 11:30:00,404.83,404.93,404.51,404.59,3661319
2024-02-06 11:45:00,403.54,403.70,402.41,403.35,1323321
2024-02-06 12:00:00,404.13,405.19,402.95,403.74,507202
2024-02-06 12:15:00,403.18,403.45,402.52,403.13,785065
2024-02-06 12:30:00,402.71,403.42,402.15,402.27,453444
2024-02-06 12:45:00,401.75,402.42,400.23,401.48,1112000
2024-02-06 13:00:00,402.73,403.96,401.22,402.65,543881
2024-02-06 13:15:00,403.75,404.33,402.99,403.33,1994810
2024-02-06 13:30:00,403.86,404.17,403.60,403.73,1344890
2024-02-06 13:45:00,403.60,403.93,403.34,403.61,1199935
2024-02-06 14:00:00,402.92,403.34,402.65,403.10,1691366
2024-02-06 14:15:00,403.68,403.81,403.52,403.63,1219534
2024-02-06 14:30:00,403.19,404.22,402.47,403.39,1334589
2024-02-06 14:45:00,403.72,403.88,403.70,403.77,1249828
2024-02-06 15:00:00,404.62,405.03,404.48,404.67,1575509
2024-02-06 15:15:00,403.79,404.97,402.56,404.18,1425182
2024-02-06 15:30:00,405.99,406.33,404.46,405.18,948861
2024-02-06 15:45:00,406.08,406.55,405.52,406.09,1454599
2024-02-07 09:30:00,406.62,407.97,406.62,406.99,174191
2024-02-07 09:45:00,408.78,409.25,408.00,408.38,1702760
2024-02-07 10:00:00,404.97,404.98,404.73,404.77,926879
2024-02-07 10:15:00,404.72,404.98,404.47,404.69,195410
2024-02-07 10:30:00,403.69,404.35,402.96,403.82,3262724
2024-02-07 10:45:00,402.46,402.78,401.66,402.41,1210856
2024-02-07 11:00:00,401.76,402.29,401.41,401.64,1608108
2024-02-07 11:15:00,400.45,401.62,400.25,400.94,203510
2024-02-07 11:30:00,399.95,401.13,399.42,400.35,1848905
2024-02-07 11:45:00,399.92,400.42,399.87,400.38,755069
2024-02-07 12:00:00,400.83,400.89,400.61,400.63,3125347
2024-02-07 12:15:00,401.39,402.12,401.18,401.56,1563065
2024-02-07 12:30:00,402.12,403.41,400.26,401.74,2267200
2024-02-07 12:45:00,401.24,401.57,400.99,401.57,2330436
2024-02-07 13:00:00,400.69,400.71,400.10,400.40,2164920
2024-02-07 13:15:00,399.54,399.79,399.35,399.66,955609
2024-02-07 13:30:00,399.27,399.37,399.14,399.14,1977652
2024-02-07 13:45:00,399.68,399.84,399.35,399.42,772372
2024-02-07 14:00:00,399.73,400.20,399.66,399.94,1383174
2024-02-07 14:15:00,400.28,400.61,399.89,400.22,3792946
2024-02-07 14:30:00,400.32,400.98,399.91,400.51,2232644
2024-02-07 14:45:00,402.09,402.59,401.61,402.17,1375310
2024-02-07 15:00:00,402.09,402.95,401.76,402.28,721803
2024-02-07 15:15:00,400.21,401.45,399.27,400.65,199954
2024-02-07 15:30:00,401.43,401.78,400.75,401.63,1890495
2024-02-07 15:45:00,403.43,403.59,402.89,403.10,1596435
2024-02-08 09:30:00,401.88,402.63,401.19,402.24,1126072
2024-02-08 09:45:00,402.39,402.94,402.27,402.76,751489
2024-02-08 10:00:00,402.32,402.94,401.19,401.71,1835550
2024-02-08 10:15:00,399.80,400.06,399.68,399.98,3471507
2024-02-08 10:30:00,401.97,402.75,401.89,402.22,3511264
2024-02-08 10:45:00,403.13,403.46,402.84,403.38,1143100
2024-02-08 11:00:00,403.52,403.97,402.55,403.36,487699
2024-02-08 11:15:00,402.77,403.97,401.97,402.50,4246548
2024-02-08 11:30:00,403.04,403.65,402.51,403.00,1123251
2024-02-08 11:45:00,401.46,401.83,400.87,401.58,504624
2024-02-08 12:00:00,402.16,402.24,401.62,401.69,2074783
2024-02-08 12:15:00,400.15,400.30,399.59,400.01,1669766
2024-02-08 12:30:00,399.28,399.70,398.99,399.39,1485920
2024-02-08 12:45:00,398.44,399.41,398.29,398.52,1418180
2024-02-08 13:00:00,398.68,399.90,397.16,398.38,3061727
2024-02-08 13:15:00,400.54,401.24,399.33,400.24,355844
2024-02-08 13:30:00,400.93,400.97,400.57,400.85,3058214
2024-02-08 13:45:00,399.72,399.85,399.64,399.75,880619
2024-02-08 14:00:00,399.18,399.74,398.32,398.75,306602
2024-02-08 14:15:00,399.02,400.14,398.42,398.94,368382
2024-02-08 14:30:00,399.00,399.08,398.68,398.86,446656
2024-02-08 14:45:00,398.32,398.86,397.14,398.42,1429325
2024-02-08 15:00:00,399.22,399.27,398.94,399.04,1466215
2024-02-08 15:15:00,398.95,399.44,397.99,399.16,1022347
2024-02-08 15:30:00,399.71,399.80,399.51,399.71,910836
2024-02-08 15:45:00,399.38,400.28,399.22,399.75,2277868
2024-02-09 09:30:00,400.80,401.07,400.63,400.83,996101
2024-02-09 09:45:00,402.27,403.27,401.05,402.02,1820542
2024-02-09 10:00:00,402.87,403.34,402.15,403.10,2243966
2024-02-09 10:15:00,403.55,403.74,403.30,403.54,394481
2024-02-09 10:30:00,403.87,405.69,402.86,404.19,2468486
2024-02-09 10:45:00,404.37,405.17,403.22,404.49,792933
2024-02-09 11:00:00,403.08,403.59,402.53,402.69,1248825
2024-02-09 11:15:00,402.53,402.95,402.45,402.79,990138
2024-02-09 11:30:00,403.34,403.43,403.01,403.11,612910
2024-02-09 11:45:00,404.56,404.82,403.96,404.16,1747065
2024-02-09 12:00:00,404.94,405.65,404.49,405.55,824741
2024-02-09 12:15:00,406.37,407.76,405.34,406.59,3923546
2024-02-09 12:30:00,406.40,406.40,405.15,406.32,3524102
2024-02-09 12:45:00,403.85,404.52,403.25,404.14,1603415
2024-02-09 13:00:00,405.58,405.99,404.94,405.29,1127027
2024-02-09 13:15:00,403.94,404.60,403.54,404.55,648177
2024-02-09 13:30:00,403.54,403.87,403.20,403.83,926775
2024-02-09 13:45:00,404.08,404.38,403.86,404.36,246140
2024-02-09 14:00:00,404.49,405.12,403.39,404.33,1780412
2024-02-09 14:15:00,404.88,405.47,404.82,404.85,2422498
2024-02-09 14:30:00,403.93,404.02,403.67,403.89,1337222
2024-02-09 14:45:00,402.03,403.06,401.83,402.33,3348880
2024-02-09 15:00:00,403.36,405.14,402.20,403.04,512258
2024-02-09 15:15:00,403.00,403.58,402.89,403.49,1214321
2024-02-09 15:30:00,402.67,403.30,402.66,402.98,416140
2024-02-09 15:45:00,401.32,401.66,401.11,401.65,386812
2024-02-12 09:30:00,402.00,402.55,401.25,401.77,2364035
2024-02-12 09:45:00,400.72,402.22,400.65,401.00,616670
2024-02-12 10:00:00,402.64,402.98,402.09,402.24,462070
2024-02-12 10:15:00,403.18,403.20,402.95,403.02,2166829
2024-02-12 10:30:00,401.95,403.09,400.16,401.77,1395006
2024-02-12 10:45:00,401.55,401.85,401.39,401.63,3357509
2024-02-12 11:00:00,401.46,401.87,400.92,400.99,3131216
2024-02-12 11:15:00,403.00,403.08,402.53,402.58,2268010
2024-02-12 11:30:00,401.31,401.39,400.62,401.26,714292
2024-02-12 11:45:00,399.26,399.89,398.66,399.20,509948
2024-02-12 12:00:00,400.47,401.42,400.22,401.02,510190
2024-02-12 12:15:00,400.49,401.18,399.54,400.44,2052833
2024-02-12 12:30:00,402.56,404.53,401.98,402.18,2628306
2024-02-12 12:45:00,402.46,403.55,401.92,402.19,1382908
2024-02-12 13:00:00,401.55,401.67,400.98,401.19,3570019
2024-02-12 13:15:00,401.65,403.18,401.06,401.27,896940
2024-02-12 13:30:00,401.69,401.88,400.98,401.41,4179524
2024-02-12 13:45:00,402.54,402.65,402.27,402.49,1089596
2024-02-12 14:00:00,400.09,400.59,398.79,400.49,990785
2024-02-12 14:15:00,399.91,400.83,398.88,399.80,364013
2024-02-12 14:30:00,399.40,399.72,399.18,399.41,1076611
2024-02-12 14:45:00,399.17,399.41,398.96,399.03,451871
2024-02-12 15:00:00,399.29,399.76,398.83,398.93,2748573
2024-02-12 15:15:00,398.68,398.70,398.38,398.49,1433654
2024-02-12 15:30:00,398.14,398.87,397.24,397.81,888186
2024-02-12 15:45:00,397.91,398.64,397.15,398.58,1342489
2024-02-13 09:30:00,396.63,397.10,396.39,396.44,847966
2024-02-13 09:45:00,394.52,394.91,393.18,394.50,1628976
2024-02-13 10:00:00,394.22,394.96,393.96,394.40,311287
2024-02-13 10:15:00,395.44,395.65,394.34,394.74,973846
2024-02-13 10:30:00,393.83,394.80,393.29,394.02,498793
2024-02-13 10:45:00,394.65,396.64,394.33,394.45,1043461
2024-02-13 11:00:00,395.12,396.48,394.24,394.78,2367249
2024-02-13 11:15:00,395.44,395.55,395.05,395.26,627506
2024-02-13 11:30:00,395.80,395.86,395.48,395.55,1623048
2024-02-13 11:45:00,395.54,395.68,394.48,394.91,2695070
2024-02-13 12:00:00,395.41,396.26,395.02,395.63,7561203
2024-02-13 12:15:00,395.13,396.07,393.78,395.20,2640854
2024-02-13 12:30:00,394.66,394.95,394.04,394.42,2069942
2024-02-13 12:45:00,395.57,395.59,394.88,394.90,2236664
2024-02-13 13:00:00,394.98,395.19,394.95,395.17,1064518
2024-02-13 13:15:00,395.58,396.01,395.04,395.81,2611736
2024-02-13 13:30:00,396.97,397.00,396.38,396.44,1813854
2024-02-13 13:45:00,397.11,397.24,394.93,396.79,1197958
2024-02-13 14:00:00,394.40,395.17,393.92,394.72,511253
2024-02-13 14:15:00,394.13,395.60,393.34,393.88,1698240
2024-02-13 14:30:00,394.46,394.46,394.43,394.44,3762341
2024-02-13 14:45:00,392.84,394.02,392.60,393.34,466813
2024-02-13 15:00:00,394.10,394.11,393.98,393.99,1723500
2024-02-13 15:15:00,393.07,393.39,392.97,393.30,297605
2024-02-13 15:30:00,393.04,393.10,392.83,392.93,1226956
2024-02-13 15:45:00,392.71,393.86,390.81,392.52,624498
2024-02-14 09:30:00,392.20,393.26,391.19,392.20,2317447
2024-02-14 09:45:00,391.30,392.57,391.29,391.71,1543456
2024-02-14 10:00:00,392.27,392.61,392.26,392.53,554850
2024-02-14 10:15:00,393.98,394.71,392.67,393.41,1666117
2024-02-14 10:30:00,392.54,392.59,391.72,392.30,936443
2024-02-14 10:45:00,392.67,393.69,391.71,393.23,193979
2024-02-14 11:00:00,392.46,392.73,391.94,392.36,482094
2024-02-14 11:15:00,393.98,394.04,393.71,393.77,245106
2024-02-14 11:30:00,393.56,393.63,393.33,393.47,792151
2024-02-14 11:45:00,392.32,392.84,391.93,392.75,628193
2024-02-14 12:00:00,391.18,392.13,389.75,390.71,1029570
2024-02-14 12:15:00,389.26,389.27,389.22,389.26,126817
2024-02-14 12:30:00,390.72,391.38,390.24,390.64,698355
2024-02-14 12:45:00,390.24,391.35,390.08,390.51,1047953
2024-02-14 13:00:00,390.11,390.19,389.40,390.07,477699
2024-02-14 13:15:00,391.63,391.65,391.15,391.26,457470
2024-02-14 13:30:00,389.98,390.66,389.76,390.18,1677058
2024-02-14 13:45:00,390.54,391.48,389.40,390.68,614974
2024-02-14 14:00:00,391.44,391.59,391.43,391.58,375365
2024-02-14 14:15:00,390.86,392.59,390.52,390.64,1847881
2024-02-14 14:30:00,392.46,393.39,391.70,392.06,2506342
2024-02-14 14:45:00,392.42,392.71,391.55,391.91,1183666
2024-02-14 15:00:00,391.16,391.42,390.75,391.24,1470711
2024-02-14 15:15:00,391.74,391.98,391.31,391.64,1122821
2024-02-14 15:30:00,392.10,392.20,391.78,391.87,2804691
2024-02-14 15:45:00,391.95,392.29,391.75,392.14,1258942
2024-02-15 09:30:00,391.09,391.49,390.83,391.28,210007
2024-02-15 09:45:00,391.72,391.95,391.50,391.91,1437728
2024-02-15 10:00:00,390.73,391.79,390.01,390.93,1399854
2024-02-15 10:15:00,390.06,391.66,389.16,390.08,409127
2024-02-15 10:30:00,390.11,390.74,389.94,390.28,2105567
2024-02-15 10:45:00,390.64,390.70,390.54,390.69,1351995
2024-02-15 11:00:00,391.06,391.86,390.46,391.63,1817354
2024-02-15 11:15:00,391.24,391.40,389.98,391.04,998684
2024-02-15 11:30:00,390.40,390.94,390.06,390.38,1275584
2024-02-15 11:45:00,391.05,391.65,391.02,391.47,726821
2024-02-15 12:00:00,391.03,391.13,390.22,390.56,324313
2024-02-15 12:15:00,390.05,390.17,389.70,390.02,1266383
2024-02-15 12:30:00,388.89,389.47,388.38,388.80,149940
2024-02-15 12:45:00,389.46,390.17,389.20,389.75,1936829
2024-02-15 13:00:00,391.93,392.59,391.67,392.28,1073087
2024-02-15 13:15:00,393.60,393.70,392.97,393.24,315774
2024-02-15 13:30:00,393.85,394.93,393.60,394.31,1875927
2024-02-15 13:45:00,394.99,395.02,394.84,394.87,1276009
2024-02-15 14:00:00,396.94,396.96,396.74,396.77,3337668
2024-02-15 14:15:00,398.20,398.22,396.74,397.69,372360
2024-02-15 14:30:00,397.90,398.53,396.90,397.47,2156305
2024-02-15 14:45:00,398.83,399.22,398.55,399.00,1557035
2024-02-15 15:00:00,400.05,400.23,398.77,399.40,756114
2024-02-15 15:15:00,399.48,400.37,399.28,399.73,1236744
2024-02-15 15:30:00,399.61,400.64,398.67,399.26,1823830
2024-02-15 15:45:00,398.10,398.39,397.19,397.59,4661239
2024-02-16 09:30:00,398.28,399.55,398.25,398.58,3879754
2024-02-16 09:45:00,399.86,400.12,399.80,400.02,4367361
2024-02-16 10:00:00,398.84,399.88,397.47,399.33,798255
2024-02-16 10:15:00,399.48,400.15,399.16,399.68,4662095
2024-02-16 10:30:00,401.65,401.84,401.54,401.72,1208000
2024-02-16 10:45:00,400.71,401.86,400.31,401.31,1040129
2024-02-16 11:00:00,399.84,400.51,399.61,399.65,277228
2024-02-16 11:15:00,398.10,398.89,397.89,398.48,367600
2024-02-16 11:30:00,398.49,399.49,398.28,399.27,3974360
2024-02-16 11:45:00,399.27,399.94,398.18,399.52,3648736
2024-02-16 12:00:00,399.86,400.04,398.92,399.76,723465
2024-02-16 12:15:00,400.85,402.52,400.55,401.05,2422260
2024-02-16 12:30:00,399.27,399.68,399.21,399.52,1082863
2024-02-16 12:45:00,401.03,401.96,399.34,400.71,464652
2024-02-16 13:00:00,401.82,403.26,401.08,401.61,1460200
2024-02-16 13:15:00,402.13,402.99,401.79,402.44,1195281
2024-02-16 13:30:00,402.36,402.88,401.68,402.42,1087486
2024-02-16 13:45:00,402.28,402.69,401.87,402.27,2505225
2024-02-16 14:00:00,402.90,403.00,402.86,402.92,990673
2024-02-16 14:15:00,405.19,407.20,403.37,405.75,255393
2024-02-16 14:30:00,404.55,404.97,404.34,404.74,1785234
2024-02-16 14:45:00,402.39,402.53,402.19,402.41,523378
2024-02-16 15:00:00,402.19,402.31,401.92,402.04,2772205
2024-02-16 15:15:00,402.22,402.55,401.22,401.62,546772
2024-02-16 15:30:00,400.24,400.61,400.02,400.53,809631
2024-02-16 15:45:00,397.95,398.04,397.40,397.58,1430253
2024-02-19 09:30:00,397.83,398.03,397.34,397.49,588355
2024-02-19 09:45:00,397.86,398.94,396.66,397.24,1744774
2024-02-19 10:00:00,397.07,397.60,395.94,396.63,182547
2024-02-19 10:15:00,396.00,397.96,395.69,396.27,364307
2024-02-19 10:30:00,394.86,395.90,394.32,395.03,75974
2024-02-19 10:45:00,393.17,394.29,392.49,393.77,1738090
2024-02-19 11:00:00,395.66,395.80,395.24,395.26,334542
2024-02-19 11:15:00,394.80,395.76,394.50,394.60,3068132
2024-02-19 11:30:00,396.96,397.13,396.25,396.95,1264740
2024-02-19 11:45:00,396.87,397.69,395.95,396.46,1444949
2024-02-19 12:00:00,397.20,397.66,397.06,397.58,3431315
2024-02-19 12:15:00,396.80,397.20,396.48,396.67,2325340
2024-02-19 12:30:00,396.54,396.97,396.53,396.95,1279675
2024-02-19 12:45:00,396.48,397.71,395.68,396.45,896172
2024-02-19 13:00:00,398.11,398.13,397.97,398.03,401394
2024-02-19 13:15:00,397.30,397.40,397.29,397.39,2179423
2024-02-19 13:30:00,397.96,398.04,397.06,397.84,901560
2024-02-19 13:45:00,396.60,397.13,396.00,396.48,633993
2024-02-19 14:00:00,395.99,397.15,395.84,395.99,1602484
2024-02-19 14:15:00,396.62,397.91,395.06,396.50,1878890
2024-02-19 14:30:00,396.19,397.42,394.98,396.77,2350864
2024-02-19 14:45:00,396.80,396.81,396.20,396.66,2108451
2024-02-19 15:00:00,396.37,397.18,396.27,396.75,909714
2024-02-19 15:15:00,396.61,396.81,396.33,396.60,1385592
2024-02-19 15:30:00,396.97,397.33,396.69,397.14,2014423
2024-02-19 15:45:00,399.01,399.15,398.98,399.09,1437866
2024-02-20 09:30:00,397.45,398.29,396.86,397.79,1439212
2024-02-20 09:45:00,396.77,396.95,396.71,396.82,1391538
2024-02-20 10:00:00,397.45,397.69,397.19,397.20,877658
2024-02-20 10:15:00,397.03,397.17,396.61,396.85,3896526
2024-02-20 10:30:00,399.19,399.61,398.44,399.02,3744178
2024-02-20 10:45:00,398.35,399.24,398.19,398.88,2784399
2024-02-20 11:00:00,397.24,397.53,397.06,397.10,1216719
2024-02-20 11:15:00,397.12,397.28,396.87,396.93,564763
2024-02-20 11:30:00,397.09,397.10,396.97,397.03,1951733
2024-02-20 11:45:00,397.43,397.45,396.77,397.21,827311
2024-02-20 12:00:00,397.90,398.77,397.12,398.03,1340184
2024-02-20 12:15:00,398.52,399.77,397.34,398.43,2012010
2024-02-20 12:30:00,397.51,397.60,397.23,397.36,1500292
2024-02-20 12:45:00,398.81,399.04,398.44,398.56,1216041
2024-02-20 13:00:00,399.07,399.69,398.15,399.06,376000
2024-02-20 13:15:00,398.84,399.33,398.72,399.12,732333
2024-02-20 13:30:00,398.40,398.90,397.95,398.66,3232169
2024-02-20 13:45:00,399.27,400.95,399.08,399.24,944600
2024-02-20 14:00:00,399.43,399.66,399.18,399.37,2070737
2024-02-20 14:15:00,400.86,401.03,400.61,400.71,1176755
2024-02-20 14:30:00,399.07,399.51,398.81,399.30,90890
2024-02-20 14:45:00,397.04,397.22,396.86,397.15,3162090
2024-02-20 15:00:00,395.99,397.70,395.20,396.19,658267
2024-02-20 15:15:00,397.17,397.20,396.86,397.10,867584
2024-02-20 15:30:00,395.23,395.85,395.17,395.56,190478
2024-02-20 15:45:00,394.90,395.26,394.88,395.02,302064
2024-02-21 09:30:00,393.35,393.57,392.93,393.54,480584
2024-02-21 09:45:00,393.22,395.27,392.23,393.54,1598447
2024-02-21 10:00:00,393.29,393.94,392.83,393.43,2241802
2024-02-21 10:15:00,392.76,393.28,392.54,392.79,410840
2024-02-21 10:30:00,394.07,394.09,393.70,394.01,1400962
2024-02-21 10:45:00,393.54,393.94,393.02,393.28,1475997
2024-02-21 11:00:00,392.12,393.15,391.32,392.75,486606
2024-02-21 11:15:00,394.22,394.28,393.73,393.89,2760984
2024-02-21 11:30:00,393.11,394.65,392.39,393.60,470685
2024-02-21 11:45:00,394.27,394.89,393.22,394.22,1824454
2024-02-21 12:00:00,396.95,397.23,395.43,396.47,1442182
2024-02-21 12:15:00,395.86,396.48,394.38,395.37,3087386
2024-02-21 12:30:00,396.00,397.07,395.33,396.07,1352079
2024-02-21 12:45:00,394.45,394.98,393.94,394.27,743478
2024-02-21 13:00:00,395.19,396.46,394.73,395.91,2094068
2024-02-21 13:15:00,395.26,395.87,395.21,395.63,1698526
2024-02-21 13:30:00,393.94,394.27,393.45,394.23,639294
2024-02-21 13:45:00,394.61,394.71,394.16,394.70,773485
2024-02-21 14:00:00,394.77,395.32,394.11,394.53,1176175
2024-02-21 14:15:00,394.69,395.54,394.40,394.74,802240
2024-02-21 14:30:00,395.35,395.39,395.11,395.20,388151
2024-02-21 14:45:00,394.87,394.89,394.73,394.77,1142981
2024-02-21 15:00:00,394.05,394.44,393.68,394.27,470940
2024-02-21 15:15:00,393.98,394.99,393.79,394.37,304184
2024-02-21 15:30:00,394.23,394.77,394.09,394.52,775969
2024-02-21 15:45:00,394.53,394.99,394.46,394.77,1614282
2024-02-22 09:30:00,395.34,395.34,394.81,395.07,1860811
2024-02-22 09:45:00,394.66,395.11,394.44,394.48,2700624
2024-02-22 10:00:00,393.50,393.71,393.38,393.60,1687138
2024-02-22 10:15:00,392.63,393.19,392.19,392.47,812391
2024-02-22 10:30:00,392.13,392.55,392.05,392.34,1348512
2024-02-22 10:45:00,393.96,393.98,393.88,393.91,2243405
2024-02-22 11:00:00,394.31,395.01,393.45,393.94,3150791
2024-02-22 11:15:00,394.27,394.76,393.99,394.24,3454572
2024-02-22 11:30:00,392.94,393.42,392.61,393.05,94384
2024-02-22 11:45:00,393.99,394.12,393.96,394.11,1055894
2024-02-22 12:00:00,394.20,394.77,394.07,394.38,1458988
2024-02-22 12:15:00,394.68,394.71,393.91,394.05,1160111
2024-02-22 12:30:00,393.18,393.75,392.87,393.49,1724037
2024-02-22 12:45:00,393.20,393.31,393.06,393.25,731812
2024-02-22 13:00:00,393.63,394.05,392.97,393.59,2368062
2024-02-22 13:15:00,394.02,395.43,391.58,393.65,276462
2024-02-22 13:30:00,393.52,394.75,392.63,394.39,1369933
2024-02-22 13:45:00,393.97,394.63,393.92,394.58,366410
2024-02-22 14:00:00,395.90,396.15,395.32,395.43,345379
2024-02-22 14:15:00,396.14,396.29,395.68,395.93,1837164
2024-02-22 14:30:00,395.56,395.74,395.41,395.67,1011213
2024-02-22 14:45:00,395.32,396.30,393.66,394.87,1989387
2024-02-22 15:00:00,394.44,394.45,394.30,394.35,487649
2024-02-22 15:15:00,393.74,393.91,393.51,393.66,894769
2024-02-22 15:30:00,393.88,394.10,392.93,393.48,1126357
2024-02-22 15:45:00,394.27,395.51,393.72,394.55,978678
2024-02-23 09:30:00,396.89,396.94,395.95,396.57,649430
2024-02-23 09:45:00,395.97,396.75,395.63,396.14,936679
2024-02-23 10:00:00,397.42,397.55,396.58,396.95,929146
2024-02-23 10:15:00,396.94,397.01,396.27,396.91,3777041
2024-02-23 10:30:00,396.03,396.26,395.75,396.20,3128769
2024-02-23 10:45:00,395.12,395.95,394.36,395.51,1224576
2024-02-23 11:00:00,394.93,395.45,394.82,395.43,737356
2024-02-23 11:15:00,396.08,396.70,395.43,395.60,626899
2024-02-23 11:30:00,395.33,395.42,395.30,395.41,884004
2024-02-23 11:45:00,393.79,394.09,393.75,394.05,4818133
2024-02-23 12:00:00,393.99,394.38,393.97,394.19,3903563
2024-02-23 12:15:00,395.78,395.92,394.56,395.72,920105
2024-02-23 12:30:00,397.13,398.40,395.66,396.97,529915
2024-02-23 12:45:00,397.02,397.61,396.35,397.20,771708
2024-02-23 13:00:00,397.77,398.14,397.43,397.91,977363
2024-02-23 13:15:00,397.94,399.88,397.62,398.51,365279
2024-02-23 13:30:00,396.42,396.63,396.19,396.48,2089609
2024-02-23 13:45:00,395.44,395.73,395.14,395.44,1462305
2024-02-23 14:00:00,395.82,397.11,395.77,396.35,711566
2024-02-23 14:15:00,396.83,397.46,396.17,397.05,1099567
2024-02-23 14:30:00,399.12,399.26,398.93,399.04,1800021
2024-02-23 14:45:00,398.10,399.11,397.79,398.31,1122102
2024-02-23 15:00:00,398.60,399.10,398.44,398.56,3898837
2024-02-23 15:15:00,397.11,397.55,397.10,397.52,665491
2024-02-23 15:30:00,397.25,397.96,396.75,397.37,844345
2024-02-23 15:45:00,400.94,400.97,400.94,400.95,906112
2024-02-26 09:30:00,399.40,399.80,398.77,399.34,2144624
2024-02-26 09:45:00,397.67,397.84,397.23,397.70,1395089
2024-02-26 10:00:00,398.66,399.82,397.80,398.55,3201676
2024-02-26 10:15:00,399.69,399.79,399.10,399.22,1101175
2024-02-26 10:30:00,399.10,399.12,397.23,398.61,1225890
2024-02-26 10:45:00,397.53,397.55,396.58,397.24,2011578
2024-02-26 11:00:00,396.63,398.30,396.37,397.09,1144914
2024-02-26 11:15:00,397.44,398.32,397.22,397.31,427683
2024-02-26 11:30:00,397.34,397.49,396.85,396.90,330908
2024-02-26 11:45:00,397.01,397.03,396.70,396.80,596914
2024-02-26 12:00:00,396.40,396.57,396.23,396.54,1407455
2024-02-26 12:15:00,398.32,398.68,398.00,398.49,1396193
2024-02-26 12:30:00,399.37,399.62,398.67,399.01,525602
2024-02-26 12:45:00,397.91,399.79,396.62,397.60,1766925
2024-02-26 13:00:00,397.15,398.19,395.77,397.29,2493334
2024-02-26 13:15:00,395.64,396.29,395.39,395.98,1342345
2024-02-26 13:30:00,396.86,397.32,395.61,396.71,760010
2024-02-26 13:45:00,396.96,397.36,396.14,396.55,706121
2024-02-26 14:00:00,399.09,399.15,398.72,398.72,430089
2024-02-26 14:15:00,398.54,398.55,398.26,398.26,2377733
2024-02-26 14:30:00,399.10,400.41,398.66,399.46,2779459
2024-02-26 14:45:00,400.78,400.80,400.53,400.62,892851
2024-02-26 15:00:00,402.97,403.26,402.80,403.06,552254
2024-02-26 15:15:00,403.19,403.41,402.85,403.11,3438016
2024-02-26 15:30:00,402.35,403.29,401.71,402.48,2996801
2024-02-26 15:45:00,403.22,403.36,403.19,403.34,1001656
2024-02-27 09:30:00,403.66,404.31,403.17,403.77,585325
2024-02-27 09:45:00,404.61,404.73,404.12,404.44,697791
2024-02-27 10:00:00,404.31,404.59,403.82,404.17,1345307
2024-02-27 10:15:00,404.33,404.78,404.25,404.72,1865293
2024-02-27 10:30:00,405.27,406.00,404.34,404.97,596026
2024-02-27 10:45:00,402.17,403.14,401.82,402.66,988572
2024-02-27 11:00:00,401.44,401.93,400.97,401.24,996457
2024-02-27 11:15:00,400.27,400.68,399.81,400.41,742958
2024-02-27 11:30:00,400.08,400.46,399.49,399.87,1962285
2024-02-27 11:45:00,399.49,399.50,398.95,399.31,1861738
2024-02-27 12:00:00,399.86,400.13,399.30,399.88,2883792
2024-02-27 12:15:00,401.26,401.36,401.24,401.32,766161
2024-02-27 12:30:00,401.90,402.11,400.98,401.54,2549513
2024-02-27 12:45:00,401.08,401.17,400.89,400.90,646670
2024-02-27 13:00:00,401.08,401.12,400.64,400.95,3715503
2024-02-27 13:15:00,401.11,401.21,400.96,400.99,608064
2024-02-27 13:30:00,400.09,400.83,399.80,400.16,587071
2024-02-27 13:45:00,398.56,398.67,398.55,398.57,1119494
2024-02-27 14:00:00,396.83,398.14,396.45,396.79,2602591
2024-02-27 14:15:00,395.87,395.93,395.66,395.79,1378447
2024-02-27 14:30:00,396.82,396.89,396.69,396.80,1451073
2024-02-27 14:45:00,398.99,399.79,398.52,399.28,1196034
2024-02-27 15:00:00,400.38,400.65,400.04,400.13,1276503
2024-02-27 15:15:00,401.25,402.29,400.45,401.50,2120699
2024-02-27 15:30:00,401.42,401.46,400.82,401.44,2017135
2024-02-27 15:45:00,400.57,401.03,400.55,400.98,1880076
2024-02-28 09:30:00,402.11,402.21,402.00,402.08,1809456
2024-02-28 09:45:00,401.42,401.86,400.92,401.44,1123248
2024-02-28 10:00:00,401.80,403.10,401.70,402.32,2043530
2024-02-28 10:15:00,402.14,402.15,402.00,402.01,2389629
2024-02-28 10:30:00,399.45,399.95,398.95,399.72,2440981
2024-02-28 10:45:00,401.40,401.72,400.64,400.74,623249
2024-02-28 11:00:00,401.27,402.18,399.93,401.31,1984848
2024-02-28 11:15:00,401.95,402.14,401.40,401.73,1406303
2024-02-28 11:30:00,402.38,402.53,402.29,402.29,1793548
2024-02-28 11:45:00,403.49,404.82,402.25,403.28,1001432
2024-02-28 12:00:00,402.90,404.85,401.66,403.33,1111338
2024-02-28 12:15:00,402.97,403.60,402.12,402.76,1878989
2024-02-28 12:30:00,403.32,404.64,402.76,403.40,1955502
2024-02-28 12:45:00,402.42,403.48,401.48,402.38,140379
2024-02-28 13:00:00,405.59,405.76,404.84,405.07,1901140
2024-02-28 13:15:00,404.65,406.67,402.59,404.73,4163320
2024-02-28 13:30:00,405.69,405.88,405.57,405.71,1550194
2024-02-28 13:45:00,406.14,406.79,405.30,406.42,1656946
2024-02-28 14:00:00,407.83,407.94,407.03,407.66,762915
2024-02-28 14:15:00,407.19,408.29,407.05,407.64,803333
2024-02-28 14:30:00,408.28,408.32,407.99,408.15,2360363
2024-02-28 14:45:00,409.44,410.10,408.60,409.66,2675124
2024-02-28 15:00:00,408.48,409.59,407.66,408.72,721219
2024-02-28 15:15:00,409.10,409.20,409.01,409.03,1082371
2024-02-28 15:30:00,406.97,406.97,406.57,406.59,1607054
2024-02-28 15:45:00,407.39,408.22,406.86,407.42,1877669
2024-02-29 09:30:00,408.21,408.86,408.10,408.50,1479428
2024-02-29 09:45:00,407.88,408.63,407.33,407.98,929691
2024-02-29 10:00:00,407.10,408.78,405.22,406.37,3677192
2024-02-29 10:15:00,405.76,406.79,405.57,406.04,2648777
2024-02-29 10:30:00,405.87,406.17,405.81,405.90,1437893
2024-02-29 10:45:00,407.28,408.31,406.68,407.32,2274287
2024-02-29 11:00:00,404.78,405.30,404.48,404.76,2390018
2024-02-29 11:15:00,405.12,406.01,404.20,405.35,4025516
2024-02-29 11:30:00,406.37,406.57,406.26,406.55,885255
2024-02-29 11:45:00,407.32,407.33,406.83,406.83,2276809
2024-02-29 12:00:00,407.09,407.93,404.99,406.65,278436
2024-02-29 12:15:00,405.49,406.37,405.44,405.81,762804
2024-02-29 12:30:00,405.22,407.01,404.36,405.51,2360429
2024-02-29 12:45:00,404.09,404.79,403.47,404.53,1081259
2024-02-29 13:00:00,403.72,404.10,403.13,403.42,170034
2024-02-29 13:15:00,402.58,402.70,402.56,402.69,2087109
2024-02-29 13:30:00,400.79,400.93,400.62,400.92,1685486
2024-02-29 13:45:00,401.05,402.30,400.01,401.36,478905
2024-02-29 14:00:00,401.84,401.92,400.94,401.22,616519
2024-02-29 14:15:00,401.24,401.46,400.98,401.38,1071175
2024-02-29 14:30:00,401.24,401.88,400.91,401.88,3102614
2024-02-29 14:45:00,400.79,401.19,400.51,400.65,1616810
2024-02-29 15:00:00,399.98,400.23,399.34,399.54,906698
2024-02-29 15:15:00,400.75,400.88,400.63,400.86,345145
2024-02-29 15:30:00,401.31,402.36,401.19,401.78,794975
2024-02-29 15:45:00,401.02,402.81,400.00,401.36,647059
2024-03-01 09:30:00,401.76,402.99,401.11,402.06,552241
2024-03-01 09:45:00,401.88,401.92,401.82,401.85,1655487
2024-03-01 10:00:00,401.43,401.85,401.23,401.61,103418
2024-03-01 10:15:00,402.51,402.88,401.20,402.57,923809
2024-03-01 10:30:00,403.59,404.01,403.52,403.95,1667787
2024-03-01 10:45:00,404.31,404.74,403.61,404.42,1846360
2024-03-01 11:00:00,403.91,404.07,403.87,404.07,557144
2024-03-01 11:15:00,403.21,404.68,401.80,402.87,782719
2024-03-01 11:30:00,403.33,403.99,402.85,403.38,1487639
2024-03-01 11:45:00,401.55,401.96,400.09,401.24,939377
2024-03-01 12:00:00,400.44,401.16,399.89,400.02,294167
2024-03-01 12:15:00,398.84,399.71,397.93,398.95,2634321
2024-03-01 12:30:00,396.16,397.48,395.94,397.20,1186585
2024-03-01 12:45:00,398.36,398.88,398.28,398.62,2699009
2024-03-01 13:00:00,397.43,398.39,396.06,397.16,1903951
2024-03-01 13:15:00,395.75,396.34,395.17,396.29,1527531
2024-03-01 13:30:00,395.99,396.41,395.94,396.24,1620233
2024-03-01 13:45:00,397.07,397.21,396.80,396.91,706620
2024-03-01 14:00:00,398.00,398.47,397.59,397.61,1358756
2024-03-01 14:15:00,396.76,396.99,396.73,396.74,1047187
2024-03-01 14:30:00,396.09,396.22,396.08,396.21,478277
2024-03-01 14:45:00,397.43,397.47,397.01,397.07,621930
2024-03-01 15:00:00,398.34,398.90,397.98,398.09,1045089
2024-03-01 15:15:00,397.33,397.34,396.79,396.87,2739473
2024-03-01 15:30:00,397.63,397.90,397.16,397.53,823189
2024-03-01 15:45:00,395.74,396.05,395.57,395.90,1486366
2024-03-04 09:30:00,395.28,395.36,395.03,395.12,161720
2024-03-04 09:45:00,393.52,393.56,393.40,393.52,2686527
2024-03-04 10:00:00,394.98,395.90,394.71,395.07,549797
2024-03-04 10:15:00,395.64,396.15,393.45,395.14,660947
2024-03-04 10:30:00,393.02,393.72,392.60,392.85,2034876
2024-03-04 10:45:00,393.18,394.14,391.75,393.12,1191781
2024-03-04 11:00:00,392.94,393.25,392.69,393.08,1514104
2024-03-04 11:15:00,393.13,393.20,392.85,392.91,277331
2024-03-04 11:30:00,393.96,394.93,393.78,393.89,628333
2024-03-04 11:45:00,393.61,393.68,393.31,393.42,986425
2024-03-04 12:00:00,393.27,394.28,392.79,393.60,2117158
2024-03-04 12:15:00,392.57,392.71,391.53,392.17,641788
2024-03-04 12:30:00,393.54,393.63,393.38,393.44,2592808
2024-03-04 12:45:00,394.43,394.76,393.83,393.98,4602260
2024-03-04 13:00:00,394.90,396.21,393.58,394.23,2533726
2024-03-04 13:15:00,395.36,395.39,394.61,395.24,2392173
2024-03-04 13:30:00,395.18,395.47,394.58,394.82,2713068
2024-03-04 13:45:00,393.57,394.54,393.34,394.11,3066892
2024-03-04 14:00:00,394.06,394.18,393.92,394.08,2392274
2024-03-04 14:15:00,394.12,394.53,394.05,394.43,2469725
2024-03-04 14:30:00,393.40,393.46,393.35,393.36,539076
2024-03-04 14:45:00,394.04,394.23,393.75,394.14,1028588
2024-03-04 15:00:00,392.78,393.08,392.62,392.87,2568434
2024-03-04 15:15:00,392.13,393.68,391.77,392.30,2754877
2024-03-04 15:30:00,392.69,394.05,391.80,393.02,830487
2024-03-04 15:45:00,393.23,393.98,393.09,393.69,620319
2024-03-05 09:30:00,394.48,394.72,394.01,394.36,575284
2024-03-05 09:45:00,393.63,393.72,393.08,393.39,1574509
2024-03-05 10:00:00,393.77,394.24,393.60,393.63,3645703
2024-03-05 10:15:00,393.46,393.53,393.46,393.53,124210
2024-03-05 10:30:00,394.16,394.25,393.98,394.02,2464222
2024-03-05 10:45:00,392.91,393.09,392.78,392.86,289325
2024-03-05 11:00:00,393.05,393.45,393.01,393.15,899298
2024-03-05 11:15:00,393.38,393.59,393.35,393.52,2144931
2024-03-05 11:30:00,393.70,394.28,392.94,393.49,448890
2024-03-05 11:45:00,394.01,394.55,393.81,393.92,6225661
2024-03-05 12:00:00,394.06,394.21,393.32,393.75,1868625
2024-03-05 12:15:00,395.03,395.23,394.62,394.68,43055
2024-03-05 12:30:00,396.72,397.08,396.01,396.46,2563004
2024-03-05 12:45:00,396.17,396.78,395.95,396.15,1129376
2024-03-05 13:00:00,394.65,395.33,394.10,395.05,992226
2024-03-05 13:15:00,394.52,395.23,393.99,394.70,1787254
2024-03-05 13:30:00,394.93,395.86,394.44,395.33,1694638
2024-03-05 13:45:00,395.65,396.66,394.74,395.70,894223
2024-03-05 14:00:00,397.78,399.69,396.80,397.31,513436
2024-03-05 14:15:00,396.81,398.01,395.05,397.08,2186009
2024-03-05 14:30:00,397.86,397.91,396.93,397.55,1738191
2024-03-05 14:45:00,398.11,398.16,397.94,397.96,1203866
2024-03-05 15:00:00,396.46,396.89,396.14,396.37,2800561
2024-03-05 15:15:00,398.32,398.79,397.57,398.28,2477323
2024-03-05 15:30:00,396.94,398.08,394.36,396.50,481559
2024-03-05 15:45:00,395.91,396.42,395.36,396.05,3504838
2024-03-06 09:30:00,397.43,398.67,397.22,397.60,3335242
2024-03-06 09:45:00,397.93,398.93,397.77,397.80,863347
2024-03-06 10:00:00,398.84,399.24,398.31,398.47,1668368
2024-03-06 10:15:00,399.32,400.03,398.28,399.27,255965
2024-03-06 10:30:00,399.15,399.16,399.10,399.11,1165861
2024-03-06 10:45:00,398.68,399.31,398.07,399.16,1813834
2024-03-06 11:00:00,398.44,399.22,398.29,398.94,1358912
2024-03-06 11:15:00,400.54,401.42,399.24,400.28,570723
2024-03-06 11:30:00,398.63,399.21,398.48,399.10,1012808
2024-03-06 11:45:00,398.87,399.45,398.14,398.64,1136596
2024-03-06 12:00:00,397.76,397.89,397.60,397.85,1471557
2024-03-06 12:15:00,399.60,401.54,398.92,399.13,400390
2024-03-06 12:30:00,398.56,398.63,398.32,398.40,387054
2024-03-06 12:45:00,398.32,399.20,397.83,398.54,520027
2024-03-06 13:00:00,398.63,398.81,398.58,398.71,4161377
2024-03-06 13:15:00,399.59,400.10,398.46,399.39,1500451
2024-03-06 13:30:00,397.72,398.37,396.73,397.41,2715741
2024-03-06 13:45:00,397.47,397.58,397.28,397.51,341136
2024-03-06 14:00:00,396.77,396.95,396.71,396.90,377637
2024-03-06 14:15:00,398.55,398.91,398.53,398.88,2429150
2024-03-06 14:30:00,398.25,398.30,398.12,398.26,2064258
2024-03-06 14:45:00,399.69,400.30,398.88,399.61,1391769
2024-03-06 15:00:00,401.72,402.95,400.73,401.22,2041019
2024-03-06 15:15:00,402.27,402.68,401.90,402.15,2225506
2024-03-06 15:30:00,403.71,404.05,403.51,403.64,1033345
2024-03-06 15:45:00,402.19,402.48,401.56,402.12,3105467
2024-03-07 09:30:00,403.82,404.24,403.20,403.42,2730470
2024-03-07 09:45:00,403.33,403.80,403.12,403.18,1552481
2024-03-07 10:00:00,402.77,403.38,402.51,403.31,709400
2024-03-07 10:15:00,402.38,402.55,401.74,402.20,128859
2024-03-07 10:30:00,403.67,403.78,402.85,403.04,2409341
2024-03-07 10:45:00,402.13,402.52,401.47,402.04,451410
2024-03-07 11:00:00,402.87,403.20,402.72,403.04,1119888
2024-03-07 11:15:00,402.33,402.89,402.08,402.63,426358
2024-03-07 11:30:00,403.75,404.32,403.23,403.98,1300062
2024-03-07 11:45:00,404.82,405.10,404.53,404.77,654102
2024-03-07 12:00:00,405.64,407.32,404.32,405.08,3557799
2024-03-07 12:15:00,405.00,405.18,404.56,405.04,820023
2024-03-07 12:30:00,405.60,405.84,404.62,405.51,1212596
2024-03-07 12:45:00,406.27,406.73,405.78,406.03,9155885
2024-03-07 13:00:00,404.34,404.86,402.57,404.30,3675138
2024-03-07 13:15:00,403.74,404.13,402.11,403.81,1540269
2024-03-07 13:30:00,402.16,402.69,401.07,401.73,3118279
2024-03-07 13:45:00,401.03,401.66,400.81,401.19,1279872
2024-03-07 14:00:00,400.35,400.50,400.23,400.41,357812
2024-03-07 14:15:00,400.25,400.88,399.93,400.40,1606361
2024-03-07 14:30:00,400.92,402.23,399.69,400.82,845570
2024-03-07 14:45:00,399.55,400.04,399.31,399.85,434963
2024-03-07 15:00:00,399.75,399.89,399.55,399.65,1449676
2024-03-07 15:15:00,402.25,402.76,401.50,401.92,613477
2024-03-07 15:30:00,402.56,402.77,402.40,402.62,1425999
2024-03-07 15:45:00,402.00,402.07,402.00,402.05,170084
2024-03-08 09:30:00,400.13,400.32,399.44,399.79,977003
2024-03-08 09:45:00,398.79,399.60,398.75,399.49,1667612
2024-03-08 10:00:00,400.63,401.23,400.16,400.64,648084
2024-03-08 10:15:00,399.28,399.97,399.14,399.85,936473
2024-03-08 10:30:00,401.17,401.46,400.71,400.85,2765903
2024-03-08 10:45:00,399.60,400.32,398.87,399.89,315286
2024-03-08 11:00:00,400.81,400.95,400.39,400.46,3647527
2024-03-08 11:15:00,401.31,401.57,400.83,401.38,1055691
2024-03-08 11:30:00,401.34,402.12,401.24,401.50,980410
2024-03-08 11:45:00,401.49,402.65,401.01,402.10,423995
2024-03-08 12:00:00,401.25,402.84,401.15,401.73,2845053
2024-03-08 12:15:00,401.63,402.00,401.29,401.45,478914
2024-03-08 12:30:00,400.22,400.85,399.97,400.35,2082225
2024-03-08 12:45:00,402.50,402.72,402.13,402.55,2088051
2024-03-08 13:00:00,404.86,405.59,404.14,404.41,2822864
2024-03-08 13:15:00,403.49,404.11,403.14,403.58,4004922
2024-03-08 13:30:00,403.13,403.54,402.90,402.92,429854
2024-03-08 13:45:00,402.21,402.78,402.09,402.50,5361965
2024-03-08 14:00:00,403.61,403.82,402.43,403.06,444714
2024-03-08 14:15:00,403.97,404.34,403.61,403.85,513341
2024-03-08 14:30:00,403.06,404.12,401.39,402.64,1308220
2024-03-08 14:45:00,401.28,401.81,400.23,401.35,726688
2024-03-08 15:00:00,399.03,399.28,398.68,399.06,2167685
2024-03-08 15:15:00,399.31,399.32,399.13,399.20,428268
2024-03-08 15:30:00,398.86,399.72,398.37,399.17,937078
2024-03-08 15:45:00,400.15,400.36,399.28,399.86,852614
2024-03-11 09:30:00,399.31,400.73,399.04,399.52,4580711
2024-03-11 09:45:00,400.30,400.36,399.63,399.67,822651
2024-03-11 10:00:00,400.19,400.27,399.65,399.91,1507345
2024-03-11 10:15:00,400.00,400.41,399.59,399.87,1178704
2024-03-11 10:30:00,398.27,398.70,398.12,398.61,2096335
2024-03-11 10:45:00,398.80,398.85,398.63,398.70,728211
2024-03-11 11:00:00,398.84,399.00,398.14,398.91,678437
2024-03-11 11:15:00,398.67,398.79,397.81,398.47,2416996
2024-03-11 11:30:00,397.38,398.08,396.74,397.60,330801
2024-03-11 11:45:00,397.98,398.45,397.78,398.08,818400
2024-03-11 12:00:00,397.96,399.24,396.27,398.21,1796589
2024-03-11 12:15:00,398.39,398.92,397.81,398.25,1569015
2024-03-11 12:30:00,397.21,397.32,396.88,397.13,1326156
2024-03-11 12:45:00,397.92,397.95,397.60,397.94,2482914
2024-03-11 13:00:00,398.15,399.88,396.92,398.06,449805
2024-03-11 13:15:00,398.01,399.34,397.74,398.07,1472609
2024-03-11 13:30:00,397.81,398.80,395.84,397.85,649977
2024-03-11 13:45:00,395.67,397.20,395.20,396.25,821995
2024-03-11 14:00:00,395.51,395.77,394.66,395.28,930777
2024-03-11 14:15:00,394.43,394.82,393.66,394.46,2320921
2024-03-11 14:30:00,394.31,395.59,392.50,393.86,916533
2024-03-11 14:45:00,393.95,394.45,393.91,394.00,921983
2024-03-11 15:00:00,394.27,394.29,394.26,394.28,865953
2024-03-11 15:15:00,393.08,393.57,392.85,393.51,656903
2024-03-11 15:30:00,394.11,394.27,393.82,393.93,3440578
2024-03-11 15:45:00,392.13,392.31,391.58,391.77,1716765
2024-03-12 09:30:00,392.14,393.09,391.91,392.31,508163
2024-03-12 09:45:00,392.39,393.07,391.81,392.28,515452
2024-03-12 10:00:00,391.56,393.31,390.58,391.82,1250847
2024-03-12 10:15:00,391.76,392.72,390.01,391.73,1940545
2024-03-12 10:30:00,390.96,391.11,390.32,390.95,1723500
2024-03-12 10:45:00,390.80,391.16,390.72,391.09,1349833
2024-03-12 11:00:00,391.77,392.17,391.05,391.26,409258
2024-03-12 11:15:00,390.53,391.52,389.42,390.50,280206
2024-03-12 11:30:00,391.50,392.12,390.93,391.21,2261012
2024-03-12 11:45:00,391.29,391.34,390.98,391.05,1887533
2024-03-12 12:00:00,391.31,391.49,390.84,391.15,1299188
2024-03-12 12:15:00,392.18,393.68,391.00,391.97,3575577
2024-03-12 12:30:00,392.13,392.58,391.21,391.87,628255
2024-03-12 12:45:00,391.50,391.68,391.48,391.65,2213311
2024-03-12 13:00:00,390.11,390.56,390.06,390.54,435644
2024-03-12 13:15:00,390.48,390.49,390.08,390.45,2089806
2024-03-12 13:30:00,390.83,391.07,390.64,390.89,1374135
2024-03-12 13:45:00,391.35,391.95,390.13,390.54,2455784
2024-03-12 14:00:00,392.53,392.72,391.75,392.14,1007290
2024-03-12 14:15:00,392.19,392.44,392.13,392.41,2089938
2024-03-12 14:30:00,391.27,391.83,391.04,391.69,3026497
2024-03-12 14:45:00,392.57,393.10,392.03,392.38,253410
2024-03-12 15:00:00,392.30,392.33,391.88,392.23,1401481
2024-03-12 15:15:00,394.01,394.15,394.00,394.08,5022165
2024-03-12 15:30:00,393.35,393.55,393.33,393.44,2910145
2024-03-12 15:45:00,394.16,394.97,393.51,394.72,1757130
2024-03-13 09:30:00,396.15,396.46,395.94,396.16,573265
2024-03-13 09:45:00,396.27,397.25,396.02,396.45,3418627
2024-03-13 10:00:00,395.63,396.24,395.57,395.82,629451
2024-03-13 10:15:00,396.85,398.13,395.97,397.07,1040786
2024-03-13 10:30:00,397.02,397.18,396.93,397.17,1105026
2024-03-13 10:45:00,398.97,399.01,398.64,398.73,985674
2024-03-13 11:00:00,399.86,400.06,398.66,399.23,326348
2024-03-13 11:15:00,399.62,401.25,398.76,399.64,1168906
2024-03-13 11:30:00,398.74,399.00,398.32,398.78,1004060
2024-03-13 11:45:00,398.40,398.98,397.23,397.97,2189337
2024-03-13 12:00:00,398.97,399.33,398.61,398.96,2434527
2024-03-13 12:15:00,401.89,402.67,401.60,401.71,1667332
2024-03-13 12:30:00,401.28,401.30,401.14,401.29,2117634
2024-03-13 12:45:00,401.21,401.22,400.51,400.67,3436088
2024-03-13 13:00:00,400.93,401.78,400.01,400.64,277363
2024-03-13 13:15:00,400.01,400.52,399.57,400.30,649505
2024-03-13 13:30:00,400.76,400.91,400.50,400.56,2769257
2024-03-13 13:45:00,400.55,401.04,400.41,400.92,351636
2024-03-13 14:00:00,400.96,401.05,400.74,400.92,770971
2024-03-13 14:15:00,399.83,400.11,399.68,400.04,1462769
2024-03-13 14:30:00,399.93,400.72,398.70,400.34,889225
2024-03-13 14:45:00,399.55,399.60,399.21,399.58,2450852
2024-03-13 15:00:00,398.47,398.59,397.83,398.50,737985
2024-03-13 15:15:00,399.05,399.26,398.62,398.77,2115330
2024-03-13 15:30:00,398.57,398.59,398.09,398.31,1127062
2024-03-13 15:45:00,399.15,399.92,398.69,399.03,251656
2024-03-14 09:30:00,398.45,398.50,398.03,398.33,1629409
2024-03-14 09:45:00,399.76,401.35,398.28,399.69,1830275
2024-03-14 10:00:00,398.03,399.01,397.36,398.33,2622224
2024-03-14 10:15:00,398.86,399.68,397.78,398.81,1752255
2024-03-14 10:30:00,399.69,399.89,399.63,399.86,133079
2024-03-14 10:45:00,400.24,400.28,400.24,400.28,1942149
2024-03-14 11:00:00,401.26,402.72,400.37,401.54,479457
2024-03-14 11:15:00,401.42,401.63,400.98,401.21,297837
2024-03-14 11:30:00,402.15,402.64,402.06,402.21,616196
2024-03-14 11:45:00,402.48,402.62,401.28,401.88,268995
2024-03-14 12:00:00,403.33,403.64,402.68,402.89,243150
2024-03-14 12:15:00,404.52,404.55,404.31,404.35,1044026
2024-03-14 12:30:00,404.87,405.14,404.62,405.09,1518209
2024-03-14 12:45:00,404.88,405.17,404.22,404.62,526563
2024-03-14 13:00:00,403.73,404.09,403.09,403.66,1383012
2024-03-14 13:15:00,403.10,405.24,403.04,403.22,1911646
2024-03-14 13:30:00,403.33,403.91,403.26,403.85,1019677
2024-03-14 13:45:00,403.89,404.10,403.87,403.95,353642
2024-03-14 14:00:00,403.02,403.69,402.33,402.97,1222790
2024-03-14 14:15:00,403.36,404.22,402.89,403.66,831436
2024-03-14 14:30:00,403.94,404.18,403.39,404.00,1066917
2024-03-14 14:45:00,403.83,404.06,403.80,403.98,1040466
2024-03-14 15:00:00,405.96,406.41,405.24,405.58,1225026
2024-03-14 15:15:00,405.65,406.47,404.66,405.78,514281
2024-03-14 15:30:00,405.28,405.41,404.92,405.34,2025548
2024-03-14 15:45:00,406.60,407.10,406.32,406.97,1261950
2024-03-15 09:30:00,407.13,407.16,406.93,406.97,1177644
2024-03-15 09:45:00,406.65,407.81,405.59,406.80,2697114
2024-03-15 10:00:00,405.17,405.60,404.90,405.46,880824
2024-03-15 10:15:00,405.99,406.20,405.83,405.85,1088123
2024-03-15 10:30:00,403.36,403.97,402.93,403.59,900816
2024-03-15 10:45:00,401.37,402.34,400.83,401.62,954159
2024-03-15 11:00:00,401.05,402.09,399.30,400.71,690362
2024-03-15 11:15:00,399.32,399.58,399.14,399.50,1284369
2024-03-15 11:30:00,399.84,402.12,398.23,400.00,521409
2024-03-15 11:45:00,400.48,402.92,399.34,400.90,672288
2024-03-15 12:00:00,400.84,401.64,400.26,401.28,894830
2024-03-15 12:15:00,400.21,401.03,399.36,400.77,459379
2024-03-15 12:30:00,401.60,402.21,400.86,401.14,1504330
2024-03-15 12:45:00,400.08,400.42,399.84,400.34,1267775
2024-03-15 13:00:00,398.90,399.60,398.28,398.83,511122
2024-03-15 13:15:00,400.09,400.29,400.05,400.25,864314
2024-03-15 13:30:00,401.35,402.81,399.55,400.83,1692112
2024-03-15 13:45:00,401.57,401.61,401.24,401.29,1427062
2024-03-15 14:00:00,402.37,402.55,402.04,402.26,1429792
2024-03-15 14:15:00,401.71,401.76,401.14,401.53,2834045
2024-03-15 14:30:00,401.85,401.96,401.57,401.59,1364063
2024-03-15 14:45:00,403.06,403.29,402.37,402.76,1443452
2024-03-15 15:00:00,401.13,401.55,400.38,401.11,2990799
2024-03-15 15:15:00,400.98,401.83,400.46,400.71,2614277
2024-03-15 15:30:00,401.18,401.50,400.64,401.08,584081
2024-03-15 15:45:00,398.88,399.79,398.87,399.39,2569536
2024-03-18 09:30:00,399.23,399.98,398.21,398.84,1673060
2024-03-18 09:45:00,397.91,398.04,397.75,397.94,735100
2024-03-18 10:00:00,398.75,398.86,398.19,398.53,156599
2024-03-18 10:15:00,399.54,399.71,399.23,399.36,839437
2024-03-18 10:30:00,399.53,399.72,398.40,399.44,833428
2024-03-18 10:45:00,401.09,401.09,400.81,400.88,1892467
2024-03-18 11:00:00,399.82,400.21,398.77,399.87,937997
2024-03-18 11:15:00,399.67,399.70,399.61,399.68,1385307
2024-03-18 11:30:00,401.00,401.80,399.67,400.36,1469900
2024-03-18 11:45:00,399.77,400.31,399.29,399.51,741780
2024-03-18 12:00:00,399.58,400.16,399.14,399.97,590685
2024-03-18 12:15:00,399.26,399.67,398.62,399.25,1727818
2024-03-18 12:30:00,400.36,400.59,400.08,400.34,545166
2024-03-18 12:45:00,399.31,400.57,398.11,399.43,1644798
2024-03-18 13:00:00,399.35,400.01,398.99,399.51,4194048
2024-03-18 13:15:00,400.00,400.23,399.89,399.94,1280413
2024-03-18 13:30:00,399.35,399.39,398.84,399.05,1436859
2024-03-18 13:45:00,398.04,398.21,397.76,398.13,2266996
2024-03-18 14:00:00,398.96,399.58,398.87,399.17,1561703
2024-03-18 14:15:00,397.72,398.37,397.02,398.02,1565783
2024-03-18 14:30:00,398.28,398.29,397.97,397.97,635154
2024-03-18 14:45:00,397.09,397.32,396.74,397.16,1697743
2024-03-18 15:00:00,397.15,398.07,395.81,397.62,921805
2024-03-18 15:15:00,397.17,397.28,396.83,397.04,2633244
2024-03-18 15:30:00,396.72,397.09,396.45,396.73,2935489
2024-03-18 15:45:00,396.57,397.22,396.37,396.96,1391760
2024-03-19 09:30:00,398.95,399.22,396.44,398.77,535008
2024-03-19 09:45:00,399.23,399.55,399.12,399.41,2197888
2024-03-19 10:00:00,399.10,399.24,399.10,399.24,1130788
2024-03-19 10:15:00,399.15,400.84,396.90,398.82,2491229
2024-03-19 10:30:00,398.14,398.79,397.85,398.46,1692777
2024-03-19 10:45:00,398.42,398.91,397.83,398.36,697791
2024-03-19 11:00:00,399.93,399.94,399.22,399.23,1293924
2024-03-19 11:15:00,400.11,400.31,399.38,400.10,1901192
2024-03-19 11:30:00,400.60,400.70,399.82,400.65,792212
2024-03-19 11:45:00,402.38,403.97,401.44,402.48,1447212
2024-03-19 12:00:00,401.11,402.05,400.71,400.76,194289
2024-03-19 12:15:00,402.09,402.24,401.39,401.69,289871
2024-03-19 12:30:00,401.44,401.53,401.15,401.31,650794
2024-03-19 12:45:00,403.26,403.62,402.75,403.20,1812418
2024-03-19 13:00:00,401.78,402.58,401.58,402.48,3623607
2024-03-19 13:15:00,402.30,402.57,401.92,402.42,599680
2024-03-19 13:30:00,402.71,402.73,402.67,402.70,1012904
2024-03-19 13:45:00,401.90,402.31,401.55,402.27,630304
2024-03-19 14:00:00,402.87,403.16,402.30,402.38,1100712
2024-03-19 14:15:00,402.03,402.92,401.89,402.25,281220
2024-03-19 14:30:00,401.11,401.26,400.93,401.04,636527
2024-03-19 14:45:00,401.64,401.76,401.27,401.41,1032251
2024-03-19 15:00:00,400.28,401.04,400.27,400.68,1615831
2024-03-19 15:15:00,400.16,400.56,399.70,400.43,1492925
2024-03-19 15:30:00,398.84,399.16,398.70,398.81,1373437
2024-03-19 15:45:00,400.21,400.33,399.84,399.92,1109905
2024-03-20 09:30:00,400.89,401.10,400.16,400.44,90863
2024-03-20 09:45:00,400.10,400.64,398.91,399.73,3408557
2024-03-20 10:00:00,400.76,401.24,400.36,401.04,791092
2024-03-20 10:15:00,400.65,401.37,399.65,400.27,1231243
2024-03-20 10:30:00,403.09,403.09,402.65,402.80,661066
2024-03-20 10:45:00,402.64,404.02,402.25,402.79,2933304
2024-03-20 11:00:00,404.80,404.98,404.78,404.98,362362
2024-03-20 11:15:00,405.20,405.24,405.06,405.08,1404504
2024-03-20 11:30:00,406.12,406.76,405.86,406.57,2218510
2024-03-20 11:45:00,405.57,406.39,405.51,406.06,3005197
2024-03-20 12:00:00,406.52,407.15,405.74,406.32,337277
2024-03-20 12:15:00,405.79,406.38,405.70,406.19,1008743
2024-03-20 12:30:00,407.12,408.49,406.42,407.50,514131
2024-03-20 12:45:00,408.02,408.36,407.49,407.71,1134334
2024-03-20 13:00:00,409.64,409.87,408.80,408.89,2301250
2024-03-20 13:15:00,408.44,408.60,408.27,408.42,117221
2024-03-20 13:30:00,407.66,408.13,407.44,407.92,2986501
2024-03-20 13:45:00,408.21,408.86,407.25,407.78,1392213
2024-03-20 14:00:00,406.35,406.79,406.14,406.63,1592611
2024-03-20 14:15:00,406.17,407.04,405.93,406.32,3455278
2024-03-20 14:30:00,408.19,408.31,408.18,408.28,1444943
2024-03-20 14:45:00,409.10,409.40,409.09,409.40,1633960
2024-03-20 15:00:00,410.21,410.29,410.11,410.24,1851508
2024-03-20 15:15:00,411.89,411.89,411.78,411.78,2027010
2024-03-20 15:30:00,411.98,413.96,411.32,412.11,3631217
2024-03-20 15:45:00,411.50,412.02,411.44,411.87,1235752
2024-03-21 09:30:00,412.10,412.26,411.66,411.87,459283
2024-03-21 09:45:00,411.97,412.46,410.13,411.72,1099917
2024-03-21 10:00:00,411.46,412.27,410.59,411.44,850199
2024-03-21 10:15:00,409.18,409.73,409.17,409.58,1211928
2024-03-21 10:30:00,408.74,410.11,408.31,408.78,969508
2024-03-21 10:45:00,408.80,409.20,408.13,408.34,1140485
2024-03-21 11:00:00,407.36,407.39,407.06,407.09,1355260
2024-03-21 11:15:00,407.87,407.88,407.11,407.42,1706397
2024-03-21 11:30:00,406.91,407.94,405.86,406.68,945949
2024-03-21 11:45:00,408.09,408.30,407.55,408.02,171694
2024-03-21 12:00:00,408.44,408.87,408.06,408.77,498147
2024-03-21 12:15:00,408.86,409.32,408.75,408.97,566014
2024-03-21 12:30:00,411.96,412.41,411.19,411.99,1223080
2024-03-21 12:45:00,411.75,413.34,410.22,411.48,952121
2024-03-21 13:00:00,412.22,413.32,411.63,412.69,3639492
2024-03-21 13:15:00,413.06,413.25,412.92,413.15,597991
2024-03-21 13:30:00,413.93,415.23,413.52,414.26,2044737
2024-03-21 13:45:00,415.38,416.40,413.74,415.05,970559
2024-03-21 14:00:00,414.60,414.96,414.42,414.91,2731535
2024-03-21 14:15:00,413.73,414.26,413.24,414.05,964701
2024-03-21 14:30:00,412.58,412.78,412.31,412.42,1885068
2024-03-21 14:45:00,412.32,413.40,412.15,413.11,1356093
2024-03-21 15:00:00,413.07,413.08,412.98,412.99,333487
2024-03-21 15:15:00,413.26,414.09,412.10,412.78,173043
2024-03-21 15:30:00,413.85,414.22,413.16,413.89,2961307
2024-03-21 15:45:00,413.15,413.59,413.06,413.51,815159
2024-03-22 09:30:00,412.53,412.61,412.32,412.52,1008701
2024-03-22 09:45:00,412.41,412.70,411.34,412.62,1451486
2024-03-22 10:00:00,413.33,413.72,412.66,413.35,2410960
2024-03-22 10:15:00,411.51,411.91,411.33,411.80,1068943
2024-03-22 10:30:00,412.54,412.67,412.28,412.37,1287219
2024-03-22 10:45:00,411.74,412.40,411.41,412.21,190937
2024-03-22 11:00:00,412.65,413.11,411.73,412.78,2752257
2024-03-22 11:15:00,411.73,411.80,411.11,411.50,943315
2024-03-22 11:30:00,412.45,412.60,411.76,412.22,605531
2024-03-22 11:45:00,414.65,414.76,414.45,414.58,3052972
2024-03-22 12:00:00,415.02,415.55,414.31,415.19,5486117
2024-03-22 12:15:00,415.63,416.22,415.14,416.07,1166858
2024-03-22 12:30:00,415.76,416.00,415.58,415.82,2717501
2024-03-22 12:45:00,416.00,416.20,415.48,416.02,2347096
2024-03-22 13:00:00,415.58,416.29,415.50,415.56,1912107
2024-03-22 13:15:00,416.09,416.26,415.89,415.99,304903
2024-03-22 13:30:00,415.17,415.84,414.80,415.52,3088046
2024-03-22 13:45:00,414.78,414.99,414.60,414.93,700701
2024-03-22 14:00:00,414.71,415.57,414.65,415.08,4849489
2024-03-22 14:15:00,416.11,416.11,414.94,415.58,1876478
2024-03-22 14:30:00,414.86,415.42,413.66,414.70,906519
2024-03-22 14:45:00,414.82,415.18,413.78,414.57,955756
2024-03-22 15:00:00,413.94,414.12,413.89,414.12,919025
2024-03-22 15:15:00,412.78,413.27,412.15,412.63,696440
2024-03-22 15:30:00,412.21,412.48,411.87,412.37,1913912
2024-03-22 15:45:00,412.74,412.90,412.48,412.60,561162
2024-03-25 09:30:00,411.15,411.29,410.58,410.71,831926
2024-03-25 09:45:00,408.77,408.83,408.60,408.66,2750221
2024-03-25 10:00:00,408.86,409.32,408.51,409.13,1182638
2024-03-25 10:15:00,408.38,408.42,406.75,407.95,685397
2024-03-25 10:30:00,407.54,407.92,406.80,407.62,972258
2024-03-25 10:45:00,407.98,408.19,407.30,407.78,971741
2024-03-25 11:00:00,407.63,408.77,407.58,407.69,2167336
2024-03-25 11:15:00,408.42,408.71,408.39,408.61,2061220
2024-03-25 11:30:00,409.43,410.09,409.20,409.90,2789301
2024-03-25 11:45:00,409.68,410.09,409.61,409.99,383682
2024-03-25 12:00:00,409.91,410.57,409.51,410.38,3135607
2024-03-25 12:15:00,410.06,410.87,409.35,409.52,1375472
2024-03-25 12:30:00,408.60,409.75,408.26,408.82,466392
2024-03-25 12:45:00,408.04,409.12,407.22,407.83,138241
2024-03-25 13:00:00,408.49,408.68,407.95,408.14,1452937
2024-03-25 13:15:00,406.62,408.93,405.29,406.99,3278377
2024-03-25 13:30:00,406.43,407.16,404.67,405.85,2807275
2024-03-25 13:45:00,405.18,406.64,403.80,405.08,341273
2024-03-25 14:00:00,405.48,406.39,404.62,405.67,1264855
2024-03-25 14:15:00,405.52,405.56,405.48,405.54,806303
2024-03-25 14:30:00,405.21,405.69,404.68,405.33,2972566
2024-03-25 14:45:00,404.52,404.82,403.96,404.03,1879044
2024-03-25 15:00:00,403.66,404.82,403.19,403.59,945945
2024-03-25 15:15:00,404.04,404.70,403.64,403.79,1049334
2024-03-25 15:30:00,404.39,404.93,403.90,404.14,1299603
2024-03-25 15:45:00,403.76,404.25,403.40,404.05,604829